"name","release","popularity"
"Pirates of the Caribbean: On Stranger Tides","2011-05-14",24.188
"Thor","2011-04-21",32.513
"Cars 2","2011-06-11",19.393
"Rio","2011-04-03",15.569
"Hanna","2011-04-07",15.684
"Kung Fu Panda 2","2011-05-25",15.238
"The Hangover Part II","2011-05-25",13.712
"Green Lantern","2011-06-16",14.518
"Bad Teacher","2011-05-16",12.324
"Scream 4","2011-04-11",12.88
"Beginners","2011-06-09",10.855
"Priest","2011-05-05",12.01
"Winnie the Pooh","2011-04-13",12.07
"Honey 2","2011-06-23",10.912
"Blitz","2011-05-20",11.922
"2012: Ice Age","2011-06-27",7.705
"Green Lantern: Emerald Knights","2011-04-09",9.459
"The Artist","2011-06-26",13.051
"Family Guy Presents: It's a Trap!","2011-05-22",8.555
"The Debt","2011-06-15",11.709
"Hawaiian Vacation","2011-06-16",9.285
"Bridesmaids","2011-05-13",10.994
"3D肉蒲團之極樂寶鑑","2011-04-14",18.624
"African Cats","2011-04-22",11.123
"Soul Surfer","2011-04-08",7.207
"Mr. Popper's Penguins","2011-06-17",8.83
"Lemonade Mouth","2011-04-15",9.06
"Midnight in Paris","2011-05-11",14.337
"Melancholia","2011-05-26",9.931
"Sharpay's Fabulous Adventure","2011-04-19",11.756
"Detachment","2011-04-24",11.611
"Everything Must Go","2011-05-13",8.34
"The Tree of Life","2011-05-18",11.908
"The Good Doctor","2011-04-23",7.746
"Quarantine 2: Terminal","2011-06-16",7.425
"Elephant White","2011-05-17",8.377
"The Greatest Movie Ever Sold","2011-04-22",8.773
"Super 8","2011-06-08",13.082
"The Tunnel","2011-05-19",8.265
"Hoodwinked Too! Hood VS. Evil","2011-04-29",8.663
"Your Highness","2011-04-08",8.563
"A Lonely Place to Die","2011-04-09",8.744
"Le Gamin au vélo","2011-05-18",6.484
"Prom","2011-04-29",9.179
"Sleeping Beauty","2011-06-10",9.917
"The Ledge","2011-05-06",7.763
"The Art of Getting By","2011-06-17",8.867
"Hysteria","2011-06-06",7.933
"5 Days of War","2011-04-14",7.394
"La Proie","2011-04-12",6.079
"Blue Crush 2","2011-06-07",6.459
"Age of Heroes","2011-05-19",6.06
"Love, Wedding, Marriage","2011-06-03",6.972
"Sniper: Reloaded","2011-04-26",7.228
"Jumping the Broom","2011-05-06",7.664
"Jiro Dreams of Sushi","2011-06-11",8.275
"The Trip","2011-04-24",7.104
"L!fe Happens","2011-06-18",7.393
"Something Borrowed","2011-05-05",9.649
"Larry Crowne","2011-06-30",8.723
"Attack the Block","2011-05-12",9.38
"A Better Life","2011-06-24",6.894
"Bully","2011-04-23",7.776
"Arthur","2011-04-08",6.703
"Hobo with a Shotgun","2011-05-06",7.536
"Daydream Nation","2011-05-06",5.848
"Habemus Papam","2011-04-15",7.502
"Snowtown","2011-05-16",8.354
"You May Not Kiss the Bride","2011-04-03",7.194
"Lady Gaga Presents: The Monster Ball Tour at Madison Square Garden","2011-05-07",6.002
"The Decoy Bride","2011-06-06",7.053
"William & Kate","2011-04-18",6.027
"Beat the World","2011-06-10",4.848
"ANOTHER GANTZ","2011-04-22",8.212
"Bobby Fischer Against the World","2011-06-06",5.952
"Wrecked","2011-04-01",6.643
"Atlas Shrugged: Part I","2011-04-14",6.892
"Skateland","2011-05-13",4.037
"Bellflower","2011-04-16",6.925
"17 filles","2011-06-13",6.264
"Too Big to Fail","2011-05-22",5.634
"써니","2011-05-04",5.549
"That's What I Am","2011-04-01",5.614
"Ferocious Planet","2011-04-09",3.962
"Cat Run","2011-04-01",5.764
"Marley & Me: The Puppy Years","2011-06-01",6.347
"The Hit List","2011-04-02",7.317
"星を追う子ども","2011-05-07",8.863
"TT3D: Closer to the Edge","2011-04-22",6.654
"Tomboy","2011-04-20",6.718
"Death of a Superhero","2011-05-04",5.192
"Touchback","2011-04-13",5.5
"Page One: Inside the New York Times","2011-04-29",4.174
"The Ouija Experiment","2011-05-05",6.081
"Love's Kitchen","2011-06-07",3.652
"Madea's Big Happy Family","2011-04-22",6.326
"Forks Over Knives","2011-05-06",8.241
"Le Chat du rabbin","2011-05-31",4.318
"The Bleeding House","2011-04-20",3.019
"Conan O'Brien Can't Stop","2011-06-24",6.225
"Elle: A Modern Cinderella Tale","2011-04-26",4.35
"L'Élève Ducobu","2011-06-22",5.331
"Queen: Days of Our Lives","2011-05-29",6.235
"Елена","2011-06-06",6.467
"Les Tuche","2011-06-30",5.576
"Gantz: Perfect Answer","2011-04-23",5.316
"Cinema Verite","2011-04-23",3.721
"Almanya - Willkommen in Deutschland","2011-05-13",4.531
"The Ballad of Nessie","2011-04-13",5.415
"My Future Boyfriend","2011-04-10",3.677
"Swamp Shark","2011-06-25",4.666
"Burn Notice: The Fall of Sam Axe","2011-04-17",5.57
"Jesse Stone: Innocents Lost","2011-05-21",7.018
"The Veteran","2011-04-29",6.122
"Sacrifice","2011-04-26",3.93
"名探偵コナン 沈黙の15分（クォーター）","2011-04-16",9.121
"DeadHeads","2011-04-29",5.541
"Megan Is Missing","2011-05-01",6.641
"Judy Moody and the Not Bummer Summer","2011-06-10",4.045
"Kylie Minogue: Aphrodite Les Folies Live in London","2011-06-19",3.939
"Born to Be Wild","2011-04-08",5.191
"God Bless Ozzy Osbourne","2011-04-24",4.705
"Cougars, Inc.","2011-04-21",6.325
"eCupid","2011-06-23",5.955
"The River Murders","2011-06-30",6.218
"Hidden 3D","2011-04-21",4.162
"Sinbad and the Minotaur","2011-05-07",2.455
"Fight for Your Right Revisited","2011-04-22",5.017
"The Suspicions of Mr Whicher: The Murder at Road Hill House","2011-04-25",4.25
"Blood Out","2011-04-25",4.61
"Father's Day","2011-06-19",4.061
"Good Neighbours","2011-06-03",3.668
"关云长","2011-04-28",6.129
"奇跡","2011-06-11",3.5
"Low Cost","2011-06-08",3.666
"La Fille du puisatier","2011-04-19",5.211
"Red Faction: Origins","2011-06-04",3.889
"Hot Coffee","2011-06-27",4.808
"Et maintenant on va où?","2011-05-16",4.886
"鬼神伝","2011-04-29",2.226
"Swinging with the Finkels","2011-06-01",4.614
"Happy","2011-04-09",4.928
"35 and Ticking","2011-05-20",2.889
"Buck","2011-06-17",4.89
"Edge of the Garden","2011-05-15",2.942
"Judas Kiss","2011-04-01",5.153
"Talking Funny","2011-04-22",3.606
"Bail Enforcers","2011-04-19",3.503
"Michael Jackson: The Life of an Icon","2011-06-06",3.899
"Pyaar Ka Punchnama","2011-05-20",4.466
"Bunnyman","2011-06-20",3.574
"Requiem Pour Une Tueuse","2011-06-01",3.49
"Almighty Thor","2011-05-07",3.976
"Born to Ride","2011-06-26",3.483
"Beyond the Blackboard","2011-04-24",3.941
"Gettysburg","2011-05-30",4.979
"November Christmas","2011-06-21",4.486
"Earth's Final Hours","2011-05-31",4.518
"La conquête","2011-05-18",3.633
"Boris - Il film","2011-04-01",4.699
"Killing Bono","2011-04-01",4.317
"Honeymoon for One","2011-06-14",4.154
"Monsieur Papa","2011-05-31",3.293
"パラダイス・キス","2011-06-04",3.331
"Memorial Day","2011-06-06",3.9
"Kriegerin","2011-06-28",3.733
"Chop","2011-05-07",3.378
"The Perfect Family","2011-04-30",3.66
"Without Men","2011-06-29",3.928
"Evil Bong 3: The Wrath of Bong","2011-04-08",3.1
"Company","2011-06-15",3.691
"Private Romeo","2011-06-20",3.846
"Some Guy Who Kills People","2011-04-14",5.385
"180","2011-06-25",2.55
"Cougar Hunting","2011-04-22",4.298
"Forget Me Not","2011-05-06",3.528
"Foo Fighters: Back and Forth","2011-04-05",4.06
"ゴーカイジャー ゴセイジャー スーパー戦隊199ヒーロー 大決戦","2011-06-11",5.549
"The Prodigies","2011-06-07",4.058
"Thor: Tales of Asgard","2011-05-16",2.977
"Much Ado About Nothing","2011-05-16",3.349
"Carnal Innocence","2011-06-13",3.918
"The Victim","2011-06-06",2.637
"Longhorns","2011-06-25",3.717
"硬汉2：奉陪到底","2011-04-01",1.853
"Good Day for It","2011-04-08",1.824
"Beyoncé: Live at Glastonbury 2011","2011-06-26",3.699
"Road to Nowhere","2011-04-13",3.438
"Skew","2011-04-19",4
"Qing Cheng","2011-05-09",1.843
"Waking Madison","2011-05-02",3.745
"Exporting Raymond","2011-04-29",3.894
"The Zombie Diaries 2","2011-06-24",3.66
"The Summer of Massacre","2011-05-07",2.013
"The High Cost of Living","2011-05-13",3.189
"The Maker","2011-06-23",3.59
"모비딕","2011-06-09",3.17
"Cell 213","2011-06-10",3.931
"The Color Wheel","2011-04-01",4.172
"Going Down in La-La Land","2011-05-01",3.811
"Decisions","2011-05-13",1.963
"ПираМММида","2011-04-07",2.833
"Et soudain, tout le monde me manque","2011-04-20",3.514
"Omar m'a tuer","2011-06-21",2.981
"賽德克‧巴萊(上)：太陽旗","2011-04-09",2.628
"Switch","2011-06-04",3.244
"Textuality","2011-04-22",1.836
"Titeuf - le film","2011-04-06",3.97
"Last Days Here","2011-04-29",3.413
"Tubero","2011-05-25",3.971
"I'm Not Jesus Mommy","2011-05-06",2.138
"Carl Panzram: The Spirit of Hatred and Vengeance","2011-05-28",2.003
"Screwed","2011-06-03",3.271
"Roadkill","2011-04-23",3.911
"The Millennium Bug","2011-06-03",3.696
"My Little Princess","2011-06-29",2.815
"高校デビュー","2011-04-01",2.395
"Les géants","2011-05-20",2.279
"Pig","2011-04-16",3.305
"Brian Eno 1971–1977: The Man Who Fell To Earth","2011-05-17",3.028
"The Sacred Science","2011-05-26",3.035
"Michael","2011-05-12",2.547
"Thank You","2011-04-08",2.218
"If a Tree Falls: A Story of the Earth Liberation Front","2011-06-22",3.465
"Ecstasy","2011-06-28",2.59
"手塚治虫のブッダ -赤い砂漠よ!美しく-","2011-05-28",3.499
"Black Mirror","2011-06-20",3.347
"200 MPH","2011-04-26",2.848
"Sympathy for Delicious","2011-04-29",3.355
"The Swell Season","2011-04-22",3.812
"I am Nancy","2011-04-24",3.001
"August","2011-06-09",2.182
"Dam 999","2011-04-01",2.686
"Frankie","2011-06-01",2.351
"33 Postcards","2011-06-09",2.251
"Last Man Standing","2011-06-07",4.565
"체포왕","2011-05-04",2.426
"Gone","2011-06-27",1.48
"The Loving Story","2011-04-15",3.092
"The Inheritance","2011-04-11",2.078
"KL Gangster","2011-06-09",2.612
"Don't Let Him In","2011-06-12",3.824
"The Hollywood Complex","2011-05-01",2.758
"Generation П","2011-04-14",2.849
"March of the Dinosaurs","2011-04-23",3.823
"Sade: Bring Me Home - Live 2011","2011-05-21",2.88
"Stormhouse","2011-06-15",2.765
"Justice for Natalee Holloway","2011-05-09",2.182
"Give Up Tomorrow","2011-04-06",2.622
"Blank City","2011-04-06",2.941
"Ausente","2011-06-19",2.795
"Shakira: Live from Paris","2011-05-12",1.7
"The Eves","2011-04-30",3.264
"Mishen","2011-06-26",1.342
"Werner - Eiskalt!","2011-06-23",3.218
"The Wishmakers","2011-05-15",1.928
"La fée","2011-05-11",1.169
"Qualquer Gato Vira-Lata","2011-06-10",2.901
"Kronjuvelerna","2011-06-29",2.735
"Transformers: Dark of the Moon","2011-06-28",4.662
"Leave It on the Floor","2011-06-18",3.665
"Square Grouper","2011-04-15",2.803
"倩女幽魂","2011-04-21",2.804
"Go for It!","2011-05-13",3.33
"Flying Monsters 3D","2011-05-06",3.786
"Still Screaming: The Ultimate Scary Movie Retrospective","2011-04-14",3.106
"Balls to the Wall","2011-04-30",2.896
"The Speed of Thought","2011-04-29",3.813
"A Crush on You","2011-06-11",2.72
"Children of God","2011-05-20",1.942
"Bite Marks","2011-06-17",2.087
"Play","2011-05-15",2.699
"Beauty Day","2011-06-10",3.38
"Better This World","2011-04-23",3.216
"Three Weeks, Three Kids","2011-06-14",3.547
"Scream: The Inside Story","2011-04-06",2.278
"शैतान","2011-06-01",2.996
"Curb Dance","2011-05-06",1.533
"Leave","2011-05-03",2.882
"A Cadaver Christmas","2011-04-02",3.197
"The Lion of Judah","2011-06-03",3.374
"ลัดดาแลนด์","2011-04-28",2.126
"B+偵探","2011-05-12",2.978
"Se sei così, ti dico sì","2011-04-15",2.185
"הערת שוליים","2011-05-25",2.108
"Mon père est femme de ménage","2011-04-13",1.715
"A Matter of Taste: Serving Up Paul Liebrandt","2011-06-13",2.524
"Ghosted","2011-06-27",2.678
"Storm","2011-04-08",2.154
"Баллада о бомбере","2011-04-26",1.15
"报应","2011-05-05",2.592
"Buffering","2011-04-24",2.619
"Biology 101","2011-04-01",3.749
"จั๊กกะแหล๋น","2011-04-26",2.267
"கோ","2011-04-22",2.562
"ചൈനാടൗൺ","2011-04-04",2.957
"Kubrick's Odyssey: Secrets Hidden in the Films of Stanley Kubrick; Part One: Kubrick and Apollo","2011-04-05",2.072
"Pizza Man","2011-06-15",2.232
"Elokuu","2011-04-01",1.49
"Cherry Bomb","2011-06-11",2.926
"Harold's Going Stiff","2011-05-06",2.568
"The Shunning","2011-04-16",3.064
"The Passing","2011-05-20",2.197
"Love.net","2011-04-01",1.896
"Mr. Stache","2011-04-23",2.147
"Scalene","2011-06-04",2.697
"Savages Crossing","2011-05-11",2.566
"Uwikłanie","2011-06-03",2.834
"Dahmer vs. Gacy","2011-05-10",1.447
"Colin Quinn: Long Story Short","2011-04-09",2.39
"Claustrofobia","2011-05-24",2.278
"Something Ventured","2011-04-01",2.277
"화이트: 저주의 멜로디","2011-06-09",3.564
"The Eagleman Stag","2011-06-19",1.304
"Toomelah","2011-05-16",1.643
"Pelt","2011-04-02",2.498
"F.A.L.T.U.","2011-04-01",1.586
"Screaming in High Heels: The Rise & Fall of the Scream Queen Era","2011-05-05",2.818
"Somebody's Hero","2011-05-01",1.601
"Amy George","2011-04-03",1.728
"தெய்வத்திருமகள்","2011-06-03",3.08
"Klitschko","2011-06-15",2.175
"ऑलवेज कभी कभी","2011-06-17",0.999
"Worst. Prom. Ever.","2011-05-09",2.187
"Vares – Huhtikuun tytöt","2011-04-20",2.186
"Your Love Never Fails","2011-04-05",2.923
"クレヨンしんちゃん 嵐を呼ぶ黄金のスパイ大作戦","2011-04-16",4.224
"Adventures of Thunderstorm: Return of Thor","2011-05-02",1.53
"The Price of Sex","2011-04-09",2.459
"Termite: The Walls Have Eyes","2011-06-01",1.658
"First Orbit","2011-04-12",1.339
"Spilt Milk","2011-04-10",2.21
"All inclusive, или Всё включено","2011-06-09",1.567
"Rabat","2011-06-15",1.447
"iParty with Victorious","2011-06-11",1.035
"The Kings of Appletown","2011-05-01",1.365
"Everywhere And Nowhere","2011-05-06",1.719
"दम मारो दम","2011-04-22",2.822
"Ready","2011-06-03",3.177
"Semper Fi: Always Faithful","2011-04-21",1.617
"Loverboy","2011-05-18",1.249
"How to Live Forever","2011-05-13",1.541
"劇場版 そらのおとしもの 時計じかけの哀女神","2011-06-25",2.719
"The Love Patient","2011-05-06",1.807
"Inside the Human Body","2011-05-05",2.278
"Field of Vision","2011-06-11",1.507
"Battle for Brooklyn","2011-06-17",1.547
"McEnroe/Borg: Fire & Ice","2011-06-11",1.634
"സിറ്റി ഓഫ് ഗോഡ്","2011-04-27",1.079
"Fragments: Surviving Pieces of Lost Films","2011-04-03",1.578
"Bashment","2011-06-17",1.665
"Borderline Murder","2011-06-19",1.961
"Pimp Bullies","2011-06-30",1.426
"The Bend","2011-04-08",1.479
"Flesh Wounds","2011-06-09",1.652
"Likvidator","2011-04-07",1.28
"Go Go Crazy","2011-04-29",2.913
"Bumblefuck, USA","2011-06-17",1.754
"American Teacher","2011-05-03",1.724
"Unhappy Birthday","2011-06-21",1.548
"Mr Perfect","2011-04-21",1.828
"Michel Petrucciani","2011-05-14",1.48
"수상한 고객들","2011-04-14",0.928
"Moi, Michel G., milliardaire, maître du monde","2011-04-27",1.534
"Erasing Hate","2011-06-26",1.865
"Science-fiction et paranoïa: La culture de la peur aux Etats-Unis","2011-05-06",1.035
"A Child's Garden of Poetry","2011-04-28",1.418
"Rock the House","2011-06-18",1.96
"携帯彼女","2011-04-06",0.6
"The Selling","2011-04-29",1.438
"Суперменеджер, или Мотыга судьбы","2011-05-19",1.708
"Green","2011-06-22",1.662
"Marilyn","2011-06-30",1.492
"풍산개","2011-06-23",2.184
"எங்கேயும் காதல்","2011-05-06",1.061
"Nicostratos le pélican","2011-06-29",1.765
"Stags","2011-06-03",0.952
"Cure for Pain: The Mark Sandman Story","2011-04-29",2.17
"Hollywood & Wine","2011-05-03",3.061
"डबल धमाल","2011-06-24",1.969
"Forest of the Living Dead","2011-04-14",1.008
"Lidice","2011-06-02",3.133
"Varg Veum - Dødens drabanter","2011-04-08",1.25
"Behold The Lamb","2011-04-14",1.293
"The Chicago 8","2011-06-04",2.043
"La Cage aux folles","2011-06-28",2.233
"Alice's Adventures in Wonderland","2011-04-23",1.905
"The Wayshower","2011-04-10",1.474
"Lamog","2011-05-04",1.491
"Morituris: Legions of the Dead","2011-06-02",1.952
"Charlotte Rampling: The Look","2011-05-16",0.69
"Quebrando o Tabu","2011-06-03",2.252
"Утомленные солнцем 2: Цитадель","2011-05-05",3.15
"Lebanon, Pa.","2011-04-29",1.896
"Haunted","2011-05-05",2.005
"Eaters","2011-04-09",1.693
"Lek wysokosci","2011-06-06",1.846
"Chely Wright: Wish Me Away","2011-06-22",2.003
"Tatanka","2011-05-06",0.902
"6 giorni sulla Terra","2011-06-17",0.938
"The Other Side of Sleep","2011-05-13",0.797
"Панкот не е мртов","2011-04-15",1.259
"Louder Than a Bomb","2011-05-18",1.463
"Rise of the Damned","2011-06-09",0.978
"My Last Day Without You","2011-06-11",1.892
"From the Ashes","2011-05-10",1.865
"Blooded","2011-04-01",2.611
"Junior","2011-05-16",1.677
"Luminaris","2011-06-06",1.574
"Cibrâil - Eine Liebe in Berlin","2011-04-28",1.149
"Fast Five","2011-04-20",1.566
"Dreileben: Komm mir nicht nach","2011-04-19",0.887
"Mourir Auprès de Toi","2011-05-14",1.63
"Game","2011-04-01",2.495
"The Life Zone","2011-06-10",2.596
"Les aventures de Philibert, capitaine puceau","2011-04-06",1.923
"The Island","2011-05-16",1.49
"The Abduction of Zack Butterfield","2011-04-19",2.218
"Niemand ist eine Insel","2011-06-13",0.6
"Eine Insel namens Udo","2011-06-16",1.38
"Jamie and Jessie Are Not Together","2011-06-18",3.006
"Shotru","2011-06-03",0.607
"Ni à vendre ni à louer","2011-06-29",1.964
"Hey, Boo: Harper Lee & To Kill a Mockingbird","2011-05-13",2.21
"Raju","2011-06-22",0.853
"Après le sud","2011-05-19",2.136
"ഡബിള്‍‍സ്‌","2011-04-13",0.813
"Unter Nachbarn","2011-06-12",0.6
"Karei naru erogami-ke no ichizoku: Shinsô reijô wa denki shitsuji no yume o miru ka","2011-06-24",1.388
"Girls' Night Out: Superstar Women of Country","2011-04-22",2.062
"Circo","2011-04-01",1.327
"The Last Mountain","2011-06-03",1.83
"Derren Brown: Miracles for Sale","2011-04-25",0.785
"Three Veils","2011-04-10",0.966
"Águila Roja. La película","2011-04-19",1.332
"Nick Cannon Mr. Show Biz","2011-05-14",1.337
"オーズ・電王・オールライダー レッツゴー仮面ライダー","2011-04-01",1.654
"さや侍","2011-06-11",2.24
"Rebirth","2011-05-07",1.706
"消失打看","2011-04-29",1.098
"Deadly Detour","2011-04-02",1.327
"Six Bend Trap","2011-04-16",1.016
"Earth Made of Glass","2011-04-06",2.058
"Rescue","2011-06-17",1.617
"Un Monde sans femmes","2011-04-06",1.653
"Hidden Colors","2011-04-14",1.051
"Joe + Belle","2011-06-01",1.765
"Amar Bondhu Rashed","2011-04-01",2.591
"Bang Bang","2011-05-03",2.17
"Blind - This Is Not a Test","2011-05-23",1.543
"No lo llames amor... llámalo X","2011-05-06",1.895
"Another Man's Wife","2011-05-22",1.723
"Terry Pratchett: Choosing to Die","2011-06-13",1.779
"Love Addict","2011-04-06",1.362
"Lord, All Men Can't Be Dogs","2011-06-13",1.619
"不再让你孤单","2011-05-13",1.648
"Corpo Celeste","2011-05-20",1.414
"സീനിയേഴ്സ്","2011-05-06",1.555
"10+10","2011-04-01",1.355
"Correspondencia Jonas Mekas - J.L. Guerin","2011-04-09",0.746
"In the Name of Love","2011-05-27",0.935
"I Touch a Red Button","2011-04-15",1.439
"Kongsi","2011-05-12",1.154
"American Translation","2011-06-07",1.256
"Sweet Little Lies","2011-06-04",0.936
"Red Rose of Normandy","2011-05-03",1.405
"Ubaldo Terzani Horror Show","2011-06-13",0.964
"Dripped","2011-06-14",2.064
"Tornado Rampage","2011-05-22",1.724
"Ragini MMS","2011-05-13",1.748
"Turbine","2011-05-07",0.6
"Color Me Obsessed: A Film About The Replacements","2011-04-01",0.679
"Wretches & Jabberers","2011-04-01",0.718
"Magic Valley","2011-04-13",1.4
"Lost Bohemia","2011-05-20",1.022
"Reverón","2011-05-27",1.212
"The Wonderful Wizard of Oz: The True Story","2011-04-28",1.261
"Big in Bollywood","2011-04-16",1.532
"The Merry Wives of Windsor","2011-06-27",1.261
"Adam Hills: Inflatable","2011-06-01",0.937
"I Got Next","2011-06-13",2.058
"Stanley Ka Dabba","2011-05-13",1.499
"Chop Kick Panda","2011-05-19",2.313
"Gerry","2011-06-15",1.86
"We Will Rock You","2011-06-09",1.584
"100% Love","2011-05-06",1.956
"富江 アンリミテッド","2011-05-14",3.166
"Nina Undercover - Agentin mit Kids","2011-05-26",1.369
"General Orders No. 9","2011-06-24",0.957
"When Harry Met Sally 2 with Billy Crystal and Helen Mirren","2011-04-06",0.6
"劇場版 戦国BASARA -The Last Party-","2011-04-06",0.697
"Wicked Pirate City","2011-05-08",1.553
"Ponnar Shankar","2011-04-09",0.677
"U2: Live at Glastonbury","2011-06-23",1.254
"भेजा फ्राई 2","2011-06-17",0.897
"Little Johnny The Movie","2011-05-05",1.152
"Teus Olhos Meus","2011-04-27",1.652
"بول","2011-06-24",1.476
"아리랑","2011-05-13",1.4
"管制塔","2011-04-09",1.05
"The Italian Key","2011-05-14",1.303
"Une Folle envie","2011-05-18",1.707
"வானம்","2011-04-29",1.622
"Senza arte né parte","2011-05-06",0.843
"おんなの河童","2011-04-22",1.329
"Committed","2011-04-17",1.376
"Escuchando al Juez Garzón","2011-04-20",0.784
"Holy Rollers: The True Story of Card Counting Christians","2011-06-11",1.076
"Gekijouban Shinsei kamatte-chan: Rokkun rôru wa nari tomaranai","2011-04-02",1.183
"For Christ's Sake","2011-06-12",0.6
"Wyatt Cenac: Comedy Person","2011-05-14",1.641
"Unlawful Killing","2011-05-18",1.541
"Belleville Tokyo","2011-06-01",1.901
"When Harry Tries to Marry","2011-04-22",1.603
"Where The Road Meets The Sun","2011-06-29",1.897
"Past Obsessions","2011-06-04",0.935
"மாப்பிள்ளை","2011-04-08",1.08
"മേൽവിലാസം","2011-04-29",0.8
"She's Not Our Sister","2011-06-25",1.546
"Matière Grise","2011-04-21",1.573
"Truth be Told","2011-04-16",1.805
"College Conspiracy","2011-05-14",1.58
"Unter Kontrolle","2011-04-02",1.28
"Some Days Are Better Than Others","2011-06-03",2.123
"Little Tombstone","2011-06-01",1.363
"El gato desaparece","2011-04-21",1.03
"¿Para qué sirve un oso?","2011-04-01",1.427
"Christopher Titus: Neverlution","2011-06-28",1.038
"As Mães de Chico Xavier","2011-04-01",1.601
"Sanctioned to Die","2011-05-14",2.092
"A Million Colours","2011-05-01",0.766
"Dream Theater: The Spirit Carries On","2011-04-28",1.339
"Auf der Suche","2011-06-24",1.002
"I Phone You","2011-05-25",1.026
"Bin Bulaye Baraati","2011-06-17",0.706
"Juan","2011-04-07",0.987
"The Wiggles Big Birthday!","2011-06-29",1.247
"Voir la mer","2011-05-03",1.248
"MacBeth","2011-06-13",0.981
"அவன் இவன்","2011-06-17",1.575
"Sadomaster Locura General","2011-04-01",0.712
"शोर इन द सिटी","2011-04-28",1.582
"Lisa Lampanelli: Tough Love","2011-04-05",1.002
"A Gun for George","2011-05-11",0.713
"Rosa","2011-05-29",1.027
"മാണിക്യക്കല്ല്","2011-05-05",1.314
"八日目の蝉","2011-04-29",1.183
"Mumblecore","2011-06-19",1.16
"Journey Into Dyslexia","2011-05-11",1.008
"Walk Away Renee","2011-05-14",0.628
"Talihina Sky: The Story of Kings of Leon","2011-06-24",1.211
"Pourquoi tu pleures ?","2011-06-15",1.134
"Chicago Cubs: The Heart and Soul of Chicago","2011-05-17",0.976
"Night Club","2011-04-11",1.26
"キミとボク","2011-05-14",1.604
"Los Marziano","2011-04-10",2.012
"बालगंधर्व","2011-05-06",0.802
"岳 -ガク-","2011-05-07",1.32
"নৌকাডুবি","2011-05-20",1.427
"Robots of Brixton","2011-06-25",1.472
"Лора от сутрин до вечер","2011-06-03",1.297
"Guerrilla","2011-04-14",1.349
"The Family Jams","2011-04-08",1.553
"How to Cheat","2011-06-17",0.724
"Caliber 9","2011-04-23",1.034
"Destination Titan","2011-04-10",0.889
"Love Sick","2011-06-03",1.863
"Thule","2011-04-13",0.899
"101 Gadgets That Changed the World","2011-06-15",0.936
"/afk: Away from Keyboard","2011-06-10",1.218
"Lecciones para un beso","2011-04-08",0.626
"Island","2011-04-22",1.011
"Aaranya Kaandam","2011-06-10",2.207
"Mob Rules","2011-05-17",1.597
"大木家のたのしい旅行 新婚地獄篇","2011-05-14",0.6
"Angel's Friends - Tra sogno e realtà","2011-04-23",0.894
"Memphis: The Broadway Musical","2011-04-28",0.815
"Dreileben: Etwas Besseres als den Tod","2011-04-13",1.084
"Time Doesn't Stand Still","2011-06-10",1.221
"WEBCAM","2011-05-31",0.677
"Busty Coeds vs. Lusty Cheerleaders","2011-04-01",1.25
"Podslon","2011-04-27",0.678
"Der Film deines Lebens","2011-05-01",1.129
"Au cul du loup","2011-06-15",0.814
"Bear","2011-05-21",1.379
"Saving Pelican 895","2011-04-01",0.6
"Film","2011-06-08",0.896
"Angelina Ballerina: Ballet Dreams","2011-05-31",0.68
"Elle ne pleure pas, elle chante","2011-06-29",1.364
"Mondo Lux - Die Bilderwelten des Werner Schroeter","2011-04-11",0.683
"Make Believe","2011-05-13",1.448
"Громозека","2011-06-23",0.6
"Rosa Morena","2011-05-12",1.149
"Un Baiser papillon","2011-06-01",0.6
"Nainsukh","2011-04-22",0.6
"Nenu Naa Rakshasi","2011-04-29",0.934
"Asalto al cine","2011-05-01",0.771
"Teddy: It's Gonna Be a Bear","2011-04-15",0.6
"All God's Creatures","2011-06-04",0.6
"The National Parks Project","2011-04-30",0.97
"Killing the Chickens to Scare the Monkeys","2011-05-20",0.631
"M Hotel","2011-04-08",0.993
"Кецове","2011-06-26",0.986
"Mystère au Moulin Rouge","2011-06-10",0.752
"System Of A Down: Rock am Ring","2011-06-05",0.6
"سامي أكسيد الكربون","2011-06-08",0.734
"Chantrapas","2011-04-21",0.6
"Attack of the Moon Zombies","2011-05-25",0.959
"فوكك مني","2011-04-10",0.624
"Парень с Марса","2011-05-05",1.183
"Mickey Mouse Clubhouse: Mickey's Great Outdoors","2011-05-24",0.651
"Pirate Brothers","2011-05-26",0.6
"Kunoichi ninpô-chô: kage no tsuki","2011-06-04",1.189
"L'Homme à la Gordini","2011-05-10",0.6
"3 Minute Gaps","2011-06-02",0.898
"X-Ray Earth","2011-05-22",1.158
"National Geographic: Area 51 Declassified","2011-05-22",0.936
"The Maiden and the Princess","2011-05-15",0.6
"Gişe Memuru","2011-05-06",1.155
"Bands on the Run","2011-05-31",0.644
"ARCHONS... SPACE INVADERS","2011-06-26",0.6
"最爱","2011-05-10",0.899
"My Brother the Islamist","2011-04-05",1.142
"Kutija","2011-06-24",0.6
"Fachiri Echi Verticali - Una Storia su Enzo Cozzolino","2011-04-01",0.624
"The Chocolate Farmer","2011-05-05",1.4
"Quantum Men","2011-04-12",0.672
"Submerged","2011-04-01",0.6
"Sinister","2011-05-03",1.225
"Pater","2011-06-22",1.298
"몽정애","2011-05-03",0.6
"Beli lavovi","2011-04-28",1.252
"Coup d'éclat","2011-04-27",1.888
"Saadat Abad","2011-05-16",0.755
"Noir Océan","2011-06-22",1.304
"まほろ駅前多田便利軒","2011-04-23",1.357
"Siani Alessandro - Per tutti","2011-06-05",1.129
"Stand Up","2011-04-01",0.875
"Jesús Monzón, el líder olvidado por la historia","2011-04-14",0.6
"The Itch of the Golden Nit","2011-06-28",0.6
"Here I Am","2011-06-02",1.076
"No tengas miedo","2011-04-28",2.072
"Alle Tijd","2011-04-14",1.461
"Debtocracy","2011-04-06",1.203
"Bob's New Suit","2011-06-22",1.009
"Frit fald","2011-04-28",0.941
"Elefante","2011-05-29",1.085
"Devrimden Sonra","2011-05-01",1.341
"The Terrys","2011-04-14",0.992
"The Big Fix","2011-05-15",0.965
"V peřině","2011-06-16",0.6
"Carl & Bertha","2011-05-25",0.6
"Foreigner: Rockin' at the Ryman","2011-04-04",0.713
"శక్తి","2011-04-01",1.58
"Rejoice and Shout","2011-06-03",0.708
"Dharti","2011-04-22",0.6
"Shinedown: Anything and Everything","2011-04-18",0.628
"京騒戯画","2011-06-12",0.874
"Hard Rock Calling 2011","2011-06-25",0.6
"Badmouth","2011-05-27",0.6
"Vindication","2011-05-26",0.664
"One Lucky Elephant","2011-06-08",0.764
"The Viking Sagas","2011-05-10",0.781
"Cost Of A Soul","2011-05-20",0.632
"బద్రీనాధ్","2011-06-10",1.094
"Kako su me ukrali Nemci","2011-06-23",0.711
"あぜ道のダンディ","2011-06-18",0.6
"The Greater Good","2011-04-03",0.999
"Chalo Dilli","2011-04-29",2.033
"Rendez-vous avec un Ange","2011-06-01",0.972
"Belmondo, itinéraire...","2011-05-18",1.144
"Die Nordsee von oben","2011-06-09",0.6
"O Abismo Prateado","2011-05-17",0.6
"See Me","2011-05-06",0.679
"Memories in March","2011-04-01",0.636
"Teen Thay Bhai","2011-04-15",1.117
"AppleBox","2011-04-16",1.186
"Sheryl Crow: Miles from Memphis","2011-06-07",1.142
"Bounty","2011-06-03",0.728
"The Ultimate Winner","2011-04-14",1.183
"Frisson des collines","2011-04-15",1.787
"Operation Crossbow","2011-05-15",0.926
"Bob the Builder: Big Dino Dig","2011-06-01",1.221
"Kathy Griffin: Gurrl Down","2011-06-22",0.712
"Blaze Foley: Duct Tape Messiah","2011-04-07",0.6
"Break My Fall","2011-04-14",0.956
"Visul lui Adalbert","2011-06-11",1.524
"Fliegende Fische müssen ins Meer","2011-05-19",0.6
"The Godmother","2011-04-29",0.719
"마마","2011-06-01",0.6
"The Organ Grinder's Monkey","2011-06-06",0.896
"Los colores de la montaña","2011-04-27",1.623
"David Byrne - Ride, Rise, Roar","2011-05-31",0.745
"우리 이웃의 범죄","2011-04-07",0.89
"戰國","2011-04-12",0.75
"Vete más lejos Alicia","2011-06-10",0.6
"MegaQuake: The Hour That Shook Japan","2011-04-24",0.6
"財神客棧","2011-06-23",0.744
"The Bengali Detective","2011-04-28",0.678
"რამინი","2011-04-01",0.71
"Jeanne Captive","2011-05-13",1.598
"Barney: I Can Do It","2011-05-17",0.636
"Markus Schulz: Do You Dream?","2011-05-13",0.6
"Нелюбимый","2011-05-09",0.6
"万有引力","2011-04-08",0.883
"Classic Albums: Primal Scream - Screamadelica","2011-05-06",0.962
"Varenye iz Sakury","2011-06-30",0.6
"The Brady 6","2011-04-11",0.676
"PilotsEYE.tv Los Angeles","2011-05-25",0.6
"രതിനിര്‍വേദം","2011-06-16",0.6
"Reus","2011-04-01",0.925
"Ham Sandwich","2011-04-30",0.6
"404: Error Not Found","2011-05-20",0.85
"Star Tours 3D - The Adventures Continue","2011-05-20",0.6
"婚前特急","2011-04-01",0.6
"Dos cartas a Ana","2011-06-01",0.6
"Der Duft von Holunder","2011-06-24",0.6
"Jake and the Never Land Pirates: Cubby's Goldfish","2011-04-15",0.649
"The Dude","2011-05-13",0.6
"My Last Day","2011-04-21",0.922
"Gonzalo Suárez: Sam Peckinpah, director salvaje (TV)","2011-05-01",0.6
"Lbf","2011-06-10",0.6
"Kapyong","2011-04-28",0.649
"Max Pinlig 2 - sidste skrig","2011-04-07",1.386
"Ratline","2011-06-24",0.609
"Sorry Mom","2011-06-09",0.877
"Vito Bonafacci","2011-05-06",0.6
"Eating With Cannibals","2011-04-03",0.638
"From the Head","2011-06-24",0.6
"Fig","2011-04-01",0.916
"Danny Greene: The Rise and Fall of the Irishman","2011-04-08",1.382
"Unfinished Spaces","2011-06-09",0.6
"Eat Pray Surf","2011-06-05",0.6
"The Schengen Files","2011-04-10",0.6
"Stuck in the Middle","2011-06-04",0.709
"Downing","2011-05-11",0.6
"軽蔑","2011-06-04",0.874
"Zabardast","2011-05-20",0.6
"Family Nightmare","2011-06-20",0.6
"Once I Was a Champion","2011-06-18",1.214
"The Point of Regret","2011-06-06",0.727
"Die Mondverschwörung","2011-04-21",1.448
"Coldplay: Live at Glastonbury","2011-06-26",0.635
"สบายดี วันวิวาห์","2011-06-02",1.057
"Операция «Горгона»","2011-05-07",0.6
"The Gerber Syndrome: Il Contagio","2011-06-21",1.477
"Children","2011-06-30",1.503
"Turkles","2011-04-04",0.849
"VigasioSexploitation 2","2011-06-12",0.886
"I Am","2011-04-29",1.649
"More Than A Game","2011-05-03",0.625
"Incubus : HQ Live","2011-06-29",0.886
"Penny's Shadow","2011-06-08",1.684
"Erkjenning","2011-04-22",0.6
"Karen llora en un bus","2011-05-13",0.676
"Backstabber","2011-06-01",0.6
"Rag Doll","2011-06-01",0.6
"The Seven Deadly Sins","2011-06-09",0.638
"Pocong Mandi Goyang Pinggul","2011-04-28",0.63
"Prosto z nieba","2011-05-27",0.6
"Linkin Park Live in Moscow","2011-06-23",0.6
"Breath of Hate","2011-06-10",0.844
"Diary","2011-06-30",0.642
"Nun sehen Sie Folgendes (Short)","2011-04-01",0.6
"America at War, The Home Front: Film Opening","2011-05-13",0.6
"Kasimir und Karoline","2011-06-25",0.6
"Battle of the Queens","2011-04-06",0.6
"A303: Highway to the Sun","2011-05-19",0.702
"Vater Mutter Mörder","2011-06-30",0.6
"Death Cab for Cutie: Live At the Mt. Baker Theatre","2011-05-31",0.6
"Happy on the Ground","2011-04-16",0.6
"Cirque du Soleil: The Surreal World of Zarkana","2011-06-29",0.6
"Sabash Sariyana Potti","2011-05-27",0.6
"Löwenzahn - Das Kinoabenteuer","2011-05-12",0.6
"Wildest Africa: Zambesi River of Life","2011-06-01",0.6
"Shinedown: Madness from Washington State","2011-04-18",0.6
"Omar Marzouk: Omskåret","2011-05-09",0.6
"Otra película de amor","2011-05-25",0.854
"Estamos Juntos","2011-06-03",0.6
"Die Relativitätstheorie der Liebe","2011-05-26",1.088
"Juntos para siempre","2011-06-06",0.964
"Superman, Spiderman sau Batman","2011-06-01",0.862
"トワノクオン 第一章 泡沫の花弁","2011-06-17",1.325
"マイ・バック・ページ","2011-05-28",1.236
"Davon willst du nichts wissen","2011-06-06",0.6
"Czech-Made Man","2011-04-27",0.787
"Turkey Bowl","2011-06-03",0.926
"Jamel et Ses Amis Au Marrakech Du Rire 2011","2011-06-08",0.787
"阪急電車　片道15分の奇跡","2011-04-29",0.725
"Mary Marie","2011-06-24",0.6
"Payload","2011-06-21",0.6
"After-School Special","2011-06-23",1.336
"Roepman","2011-05-20",0.714
"Boro in the Box","2011-05-02",1.443
"Hora Cero","2011-06-25",0.957
"Trabalhar Cansa","2011-05-12",1.583
"Ek Joke Net","2011-06-24",0.718
"Alucardos: Retrato de un vampiro","2011-04-14",0.751
"Ekümenopolis: Ucu Olmayan Şehir","2011-04-15",0.828
"ใหม่กะหม่ำโดนกะโดน","2011-06-23",0.6
"阿部定 ～最後の七日間～","2011-06-18",0.628
"Separado!","2011-06-18",0.683
"A Case of Deceit","2011-06-30",0.6
"Bunker Of Blood","2011-04-01",0.6
"Sun Come Up","2011-04-03",0.675
"A Beautiful Belly","2011-04-16",0.957
"Paranoia","2011-06-07",0.675
"Un soupçon d'innocence","2011-06-03",0.904
"The Fickle","2011-05-06",0.94
"세상에서 가장 아름다운 이별","2011-04-20",0.6
"Okhotnik","2011-05-20",0.714
"Días de gracia","2011-05-17",0.909
"Mike","2011-06-22",0.6
"仮面ライダーW（ダブル）RETURNS 仮面ライダーアクセル","2011-04-21",1.536
"隐婚男女","2011-04-08",0.6
"Vorood-e Aghayan Mamnoo","2011-06-15",2.477
"Henley","2011-06-10",0.6
"Das Blaue vom Himmel","2011-06-02",0.769
"Everything Will Be OK","2011-06-16",0.6
"Ben Bailey: Road Rage","2011-05-21",0.6
"The Passage","2011-06-28",0.6
"The Scene","2011-04-29",0.701
"Il était une fois ... Vol au dessus d'un nid de coucou","2011-06-27",1.124
"Discipline","2011-04-13",0.639
"The Lawn Boy","2011-06-01",0.6
"命運化妝師","2011-05-13",0.934
"Небо видело всё","2011-05-25",0.954
"The Witches of Oz","2011-05-07",0.6
"Splitscreen: A Love Story","2011-05-31",1.007
"Deadrise","2011-04-05",0.75
"映画版 ふたりエッチ","2011-06-18",1.588
"Thuy Nga Paris By Night 102","2011-04-16",0.654
"Mrs Carey's Concert","2011-04-28",0.968
"Tumbok","2011-05-04",0.6
"Diciottanni - Il mondo ai miei piedi","2011-04-19",0.664
"Lock Up","2011-06-27",0.742
"Passannante","2011-06-24",0.6
"星守る犬","2011-06-10",2.085
"アンダルシア：女神の報復","2011-06-25",0.63
"Apocalypse 2012: The World After Time Ends","2011-04-23",0.875
"Visus - Expedition Arche Noah","2011-05-28",0.84
"Vatican: The Hidden World","2011-06-19",1.016
"Small, Beautifully Moving Parts","2011-06-10",1.037
"Desert Seas","2011-04-21",0.927
"Night Tales","2011-06-06",0.6
"Gun Fight","2011-04-13",1.008
"El túnel de los huesos","2011-06-16",1.272
"El lugar más pequeño","2011-06-26",0.6
"03:34 Terremoto en Chile","2011-04-21",0.958
"A Love Affair of Sorts","2011-06-24",0.6
"Jezebeth","2011-06-01",0.6
"Puppets","2011-04-15",0.6
"Cruzadas","2011-04-21",0.6
"Guitar Artistry of - Guy Davis Teller of Tales","2011-05-09",0.6
"Six Strands","2011-06-03",0.919
"X-Men: First Class","2011-06-01",0.818
"Skateistan: Four Wheels and a Board in Kabul","2011-04-01",0.669
"Hi, Fidelity","2011-05-11",1.4
"ജനപ്രിയൻ","2011-05-20",1.324
"Polnische Ostern","2011-05-11",0.7
"Bunny the Killer Thing","2011-05-08",0.6
"G","2011-04-11",0.6
"Sestre","2011-04-10",1.207
"Alvorada Vermelha","2011-05-08",1.162
"Commander Badass","2011-06-23",0.654
"An Evening With My Comatose Mother","2011-04-09",1.213
"Birdboy","2011-06-04",0.739
"Should've Put a Ring On It","2011-06-06",0.904
"Wiebo's War","2011-04-28",0.6
"Arsenal: Season Review 2010-2011","2011-06-13",0.691
"A zöld sárkány gyermekei","2011-04-07",0.6
"Booley","2011-06-01",0.679
"Templars - The Last Stand","2011-05-31",0.6
"Half-Share","2011-06-07",0.854
"Grinders","2011-04-29",0.642
"Sekali Lagi","2011-06-30",0.892
"Og leken er god","2011-06-21",0.658
"Evolve 7: Aries vs. Moxley","2011-04-19",1.094
"Me or the Dog","2011-05-20",0.6
"Better Than Chocolate","2011-06-19",0.636
"Addicted to Blood","2011-05-31",0.6
"Rasputin","2011-04-08",0.6
"飯と乙女","2011-06-18",0.624
"Jessie's Dad","2011-06-16",0.6
"Followed","2011-04-05",0.6
"Micropolis","2011-04-16",0.6
"Hunting Britain's Most Wanted","2011-05-19",0.849
"歡樂時光","2011-06-02",0.6
"Killer School Girls from Outer Space","2011-05-24",0.6
"Egypt's Lost Cities","2011-05-30",0.6
"Andy Lau Unforgettable Concert 2010","2011-04-25",0.88
"An Inconvenient Tax","2011-04-15",0.634
"Buschpiloten küsst man nicht","2011-05-17",0.6
"Foo Fighters - Wasting Light Live From 606","2011-04-05",0.939
"Hoshi no furu machi","2011-04-02",1.298
"Requintitis","2011-06-11",0.6
"Eat The Sun","2011-05-11",0.6
"Cycle Kick","2011-06-17",0.6
"How to Save a Life","2011-05-01",0.658
"Jam Today","2011-06-05",1.134
"Go, Diego, Go!: It's a Bug's World","2011-06-01",0.6
"The Splat Pack","2011-05-13",0.6
"Blood Brothers","2011-05-08",0.722
"Des jeunes gens mödernes","2011-05-17",0.6
"TRON: Destiny","2011-06-10",0.624
"The FIRM Express: Bonus - Pump It Up","2011-04-19",0.624
"Lucrezia Borgia","2011-05-13",0.6
"Cooking mo, Cooking ko","2011-06-11",0.6
"Doctor Who Anime ドクター・フーのファン・アニメ","2011-06-01",0.884
"Into The Fire","2011-04-11",0.6
"Neukölln Unlimited","2011-04-13",0.6
"I baci mai dati","2011-04-29",0.6
"야간비행","2011-05-19",0.6
"Nuclear Nightmare: Japan in Crisis","2011-04-28",0.6
"A Nightmare in Las Cruces","2011-05-05",0.6
"Fatal Invitation","2011-04-03",0.6
"മഹാരാജ ടാക്കീസ്","2011-05-13",0.874
"Lord Byron","2011-05-06",0.6
"Rasuk","2011-06-23",0.6
"American Joyride","2011-04-09",0.6
"Tontine Massacre","2011-04-17",0.6
"Cat in the Hat: Tales About Tails","2011-04-05",0.649
"나는 아빠다","2011-04-14",0.932
"Volver a morir","2011-04-15",0.6
"Manong konstru","2011-06-29",0.604
"Tattoo","2011-04-11",0.6
"Hugh Laurie: Down by the River","2011-05-15",0.6
"Don Knotts: Tied Up with Laughter","2011-04-09",0.6
"Bi-chiku Beach: Nangoku Nyuujoku Satsueikai","2011-05-27",0.6
"Made in Hollywood","2011-05-12",0.6
"Checkpoint","2011-04-28",0.936
"Hyphen","2011-06-27",0.6
"11文字の殺人","2011-06-10",0.6
"Andy Lau Unforgettable Concert 2011","2011-05-07",0.6
"Tango","2011-05-03",0.876
"Evolve 8: Style Battle","2011-05-20",0.6
"GALAXY HEAD FILM","2011-05-25",0.6
"Jessika","2011-04-26",0.6
"Glitterboys & Ganglands","2011-06-09",0.6
"Nightfall","2011-04-09",0.6
"Alter Bridge Rock Am Ring 06-05-2011","2011-06-05",0.6
"Der Komödienstadel - A Flascherl vom Glück","2011-05-01",0.6
"Hot Hula Fitness","2011-06-06",0.6
"The Archiver","2011-06-24",0.844
"La Trinca: Biografia no autoritzada","2011-06-22",0.6
"Finale","2011-05-06",0.85
"Olmsted and America's Urban Parks","2011-04-17",0.6
"Paglipad Ng Anghel","2011-06-12",0.6
"Never Make It Home","2011-06-24",0.6
"Napping House & Other Stories That Rhyme","2011-05-10",0.6
"365 Without 377","2011-05-01",0.6
"As Doze Estrelas","2011-05-13",0.6
"Love/Hate","2011-05-26",0.605
"Shankaranum Mohananum","2011-06-10",0.6
"The Making Of Longbird","2011-06-01",0.6
"Nephew Tommy: Just My Thoughts","2011-06-19",0.6
"Volcano Devils","2011-06-18",0.6
"Dust: A Sculptor's Journey","2011-05-01",0.6
"La lisière","2011-04-27",0.844
"算吧啦，老豆！","2011-04-28",0.6
"006, un principio","2011-05-06",0.6
"Vaishali","2011-05-27",0.6
"Kehrtwende","2011-04-13",0.6
"S.O.S.: State of Security","2011-04-04",0.844
"Silah al ajyal","2011-04-14",1.162
"Grantræet","2011-04-30",0.654
"3, 2, 1 Cinta","2011-06-16",0.6
"Où va la nuit","2011-05-04",0.637
"ബോംബെ മാർച്ച് 12","2011-06-30",1.03
"Labrador","2011-05-13",0.685
"宅男总动员：女神归来","2011-04-01",0.6
"Forever and a Day","2011-06-15",0.654
"Kurosawa, la voie","2011-05-13",0.662
"プリンセス トヨトミ","2011-05-28",0.6
"もしドラ ～もし高校野球の女子マネージャーがドラッカーの『マネジメント』を読んだら～","2011-06-04",0.678
"Underground Entertainment: The Movie","2011-06-06",0.6
"Surviving Georgia","2011-05-29",0.886
"Gröna Hissen","2011-06-01",0.6
"ആദാമിന്‍റെ  മകൻ അബു","2011-06-24",1.144
"Codgers","2011-06-24",0.6
"James Salter: A Sport and a Pastime","2011-05-01",0.6
"Türkan","2011-05-18",0.6
"Vergiss nie, dass ich Dich Liebe","2011-06-17",0.6
"Kings Of Leon - Pinkpop Festival","2011-06-07",0.6
"Geister: All Inclusive","2011-05-19",0.6
"Revolución: el cruce de los Andes","2011-04-07",0.6
"लव यू ... मिस्टर. कलाकार!","2011-05-13",1.214
"Desire Street","2011-06-14",0.994
"The Girl and the Fox","2011-04-09",0.6
"దొంగల ముఠా","2011-04-18",1
"¿Estás ahí?","2011-05-13",0.731
"Bhindi Baazaar Inc","2011-06-03",0.676
"Nexus","2011-04-01",0.654
"Planet of the Vampire Women","2011-04-30",0.745
"Clear Skies 3","2011-05-29",0.6
"Deep Gold","2011-04-22",1.154
"GSP Rush to the Top","2011-04-09",0.981
"D'un film à l'autre","2011-04-13",0.74
"Plot Device","2011-05-31",0.6
"Dormir al Sol","2011-04-24",0.6
"Room for Rent","2011-04-01",0.6
"Et in terra pax","2011-05-27",0.6
"Il sesso aggiunto","2011-04-29",0.6
"Phil's Dance Party","2011-04-02",0.679
"Magi I Luften","2011-06-23",0.904
"Días de Poder","2011-06-03",1.345
"लव का द एंड","2011-05-06",0.704
"あそびにいくヨ！","2011-06-15",0.6
"Die Lehrerin","2011-06-27",0.669
"The Perfect Man","2011-06-28",0.6
"?","2011-04-07",0.6
"Abataa","2011-04-30",0.654
"América","2011-05-26",0.654
"Boys of Bonneville","2011-04-13",0.6
"KARAK","2011-05-26",0.904
"Von Mäusen und Lügen","2011-06-10",0.6
"Svadba po Obmenu","2011-04-15",0.922
"Sarò sempre tuo padre","2011-05-18",0.6
"Pas de toit sans moi","2011-06-01",0.6
"Zing","2011-05-11",0.6
"Mega Mindy Show","2011-04-01",0.6
"WesternStory","2011-05-19",0.697
"Blåfjell 2 - Jakten på det magiske horn","2011-05-05",1.07
"Vivace","2011-04-14",0.6
"Turning Like Clockwork","2011-06-07",1.186
"Veera","2011-05-20",0.6
"蔡李佛拳","2011-05-10",1.532
"Kandaen","2011-05-20",0.639
"Гоп-стоп","2011-04-28",0.6
"RiffTrax Live: House on Haunted Hill","2011-05-16",0.6
"IL CORPO DELLE DONNE","2011-05-11",0.6
"Pillayar Theru Kadaisi Veedu","2011-06-24",0.6
"Çanakkale Çocukları","2011-05-09",0.6
"Inspektor Barbarotti - Verachtung","2011-04-14",0.6
"Vorzimmer zur Hölle - Streng geheim!","2011-04-25",0.624
"Befriend and Betray","2011-04-30",0.692
"수상한 이웃들","2011-04-14",0.6
"Der Himmel hat vier Ecken","2011-04-03",0.84
"Bob Dylan Revealed","2011-05-01",1.183
"Se acabó la fiesta","2011-06-09",0.663
"헤드","2011-05-26",0.698
"Hypnosis","2011-06-22",0.654
"Die Dienstagsfrauen","2011-06-14",0.6
"O Gringo","2011-05-05",0.6
"Doctor Spine","2011-04-04",0.6
"Adel Dich","2011-04-20",0.6
"ブルータスの心臓","2011-06-17",0.6
"東京公園","2011-06-17",0.774
"Peach Plum Pear","2011-04-30",0.6
"The Commute","2011-04-14",0.6
"Maraton tańca","2011-06-17",0.6
"Korn: Rock Am Ring","2011-06-15",0.6
"El detective Cojines","2011-05-06",0.6
"The Man Who Was Afraid of Falling","2011-05-31",0.663
"Laurent Baffie est un sale gosse","2011-04-04",0.6
"HH, Hitler à Hollywood","2011-05-04",0.6
"Die Vaterlosen","2011-04-08",0.987
"学園黙示録 HIGHSCHOOL OF THE DEAD ドリフターズ・オブ・ザ・デッド","2011-04-25",0.662
"Scarface Renacido","2011-04-09",0.665
"Todespolka","2011-05-19",0.6
"La Migala","2011-05-29",0.6
"Bad Company - Live at Wembley","2011-06-28",0.6
"Stray Dawg","2011-04-25",0.6
"L'Infiltré","2011-06-21",0.6
"Noise and Resistance","2011-06-16",0.6
"Respect","2011-06-18",0.654
"Die Schäferin","2011-06-17",0.6
"Paglu","2011-06-02",0.6
"Guitar Artistry Of - Chris Proctor Morning Thunder","2011-06-13",0.692
"Payton Collins: Serial Rapist","2011-05-10",0.707
"Gene Fusion","2011-05-10",0.6
"Dilarang Masuk","2011-04-07",0.6
"El Dedo","2011-05-26",0.84
"Unten Mitte Kinn","2011-06-26",0.628
"The Scene of the Crime","2011-05-13",0.642
"La Run","2011-06-30",1.124
"Apocrypha","2011-06-11",0.677
"โด๋-นัท","2011-05-26",0.624
"I Love You Like Crazy","2011-06-17",0.6
"Off the Rez","2011-04-26",0.6
"Kengere","2011-05-12",0.6
"Notes sur nos voyages en Russie 1989-1990","2011-04-16",0.954
"Hjelp, vi er russ!","2011-04-15",0.784
"Suster Keramas 2","2011-04-21",0.84
"名探偵コナン 工藤新一への挑戦状 ～怪鳥伝説の謎～ が見放題！","2011-04-15",0.984
"Teen Maar","2011-04-14",0.747
"Ridicule","2011-04-01",0.6
"Vier Minuten Deutscher Meister","2011-05-13",0.6
"Dance for life","2011-05-04",0.6
"A Dança de Sísifo","2011-06-30",0.6
"A Kiss for Jed Wood","2011-05-01",0.6
"Rules of Single Life","2011-04-01",0.6
"Ausfahrt Eden","2011-04-21",0.6
"Schlafkrankheit","2011-06-22",1.274
"Blackstone","2011-05-28",0.909
"Ode to Los Angeles","2011-05-01",0.6
"Hard Bass 2011","2011-05-01",0.874
"Marie Brand und der Sündenfall","2011-04-28",0.624
"Hati Merdeka - Merah Putih III","2011-06-09",0.6
"A Good Man","2011-04-20",0.634
"Running Mates","2011-06-09",0.6
"Kiss","2011-05-12",0.683
"Superhelde","2011-04-22",0.884
"Path to Glory: The Rise and Rise of the Polish Arabian Horse","2011-04-01",0.628
"Lollos 3: Boem boem ons gaan Groen!","2011-06-01",0.6
"Félix y el pez","2011-05-01",0.921
"假装情侣","2011-06-24",0.6
"Natimorto","2011-04-29",0.6
"Schwarzkopf - Das ist Chaos, Bruder!","2011-05-06",0.6
"Sueños colectivos","2011-05-04",0.624
"TesseracT: Concealing Fate Live In The Studio","2011-06-16",0.6
"Someplace with a Mountain","2011-04-20",0.624
"Hambuster","2011-05-22",0.624
"Blood On My Name","2011-04-22",0.628
"Fransk Maffia","2011-04-10",0.6
"Ada Apa Dengan Pocong","2011-06-23",0.891
"Spinning","2011-04-30",0.6
"True Justice - La confraternita","2011-06-29",0.628
"Born Schizophrenic: January's Story","2011-05-24",0.6
"Bad Gones","2011-06-28",0.6
"Den fördömde 02 - Andra kriminalfallet","2011-04-27",0.6
"Agnus Dei, Cordero de Dios","2011-06-05",0.6
"Set the Piano Stool on Fire","2011-06-04",0.6
"Aaron Burr, Part 2","2011-05-14",0.6
"Francesco und der Papst","2011-04-21",0.624
"Amateur","2011-05-05",0.6
"Utta Danella - Wachgeküsst","2011-05-20",0.63
"Palazzo delle aquile","2011-06-13",0.6
"A Zombie Claymation","2011-05-15",0.628
"Le bonheur d'Elza","2011-04-11",0.6
"Incident in New Baghdad","2011-04-24",0.6
"Hisab","2011-06-09",0.6
"HESOMORI -ヘソモリ-","2011-05-22",0.634
"Wannabe Macks","2011-05-20",0.6
"Люблю и точка","2011-04-07",1.01
"Marhuľový ostrov","2011-04-14",0.6
"Yangu Burakku Jakku","2011-04-23",1.214
"Irena Sendler: In the Name of Their Mothers","2011-05-01",0.6
"Лёша","2011-06-23",0.6
"Tied to a Chair","2011-05-27",0.6
"Aanmai Thavarael","2011-06-03",0.6
"Aik Aur Ghazi","2011-06-02",0.6
"Khamosh Raho","2011-06-10",0.6
"Parai Dhee","2011-04-08",0.6
"Lhotse - South Face 1981","2011-05-28",0.6
"1908-2008 y sigo","2011-04-15",0.6
"Bob Dylan: 1990-2006 - The Never Ending Narrative","2011-04-11",0.6
"The Secret History of Eurovision","2011-04-30",0.6
"Kick Drum Hearts","2011-04-15",0.624
"ダンシング・チャップリン","2011-04-11",0.624
"Church of the Dead","2011-05-23",0.6
"The Ghosts of Dunwich","2011-05-10",0.6
"Death by Medicine","2011-04-18",0.624
"Solar Sight","2011-06-06",0.6
"Long Distance Warrior","2011-05-25",0.665
"J'irai dormir chez les Maharadjahs","2011-05-05",0.6
"Utan snö","2011-04-02",0.6
"Germaine Damar – Der tanzende Stern","2011-06-14",0.6
"Mama Goema: The Cape Town Beat in Five Movements","2011-06-11",0.6
"Hudugaru","2011-05-05",0.6
"Mothers of Bedford","2011-04-30",0.6
"Aion","2011-04-26",0.624
"Afghanistan: War without End?","2011-06-22",0.6
"Connect","2011-05-31",0.6
"Contractor's Routine","2011-06-03",0.6
"Billy Budd","2011-04-25",0.6
"Circus Mexicus XX","2011-06-11",0.6
"Earthwork","2011-05-20",0.915
"Vad Magyarország – A vizek birodalma","2011-04-20",0.6
"Ο Ξεναγός","2011-04-27",0.6
"My Chemical Romance live at Valencia (MTV World Stage)","2011-04-01",0.6
"KODA KUMI 10th Anniversary ~FANTASIA~ in TOKYO DOME","2011-05-18",0.6
"Explosions in the Sky - Barcelona Theatre","2011-06-06",0.6
"Village People 3 - Voll Porno","2011-04-15",0.644
"Who's There?","2011-04-14",0.6
"City Of Ants","2011-05-04",0.6
"Fotbollens sista proletärer","2011-04-02",0.624
"The Love Club","2011-04-12",0.714
"Star Whackers","2011-04-23",0.6
"Μαγική Ώρα","2011-04-19",0.654
"Nenhum Nome","2011-05-04",0.6
"Average Joe on the Raw","2011-06-01",0.6
"Незначительные подробности случайного эпизода","2011-06-05",0.6
"La salsa Cubana","2011-04-07",0.6
"Ägypten: Geburt einer Großmacht","2011-04-02",0.6
"Love Thy Enemy","2011-04-19",0.6
"I Steal Pets","2011-05-31",0.6
"Resistencia En La Línea Negra","2011-06-06",0.6
"Le Grand Restaurant II","2011-04-30",0.6
"T-Shirt Stories","2011-06-29",0.6
"ALMA","2011-05-01",0.6
"Four Days At Dragon*Con","2011-05-04",0.6
"Sans pudeur ni morale","2011-06-01",0.6
"Aladin Il Musical","2011-06-01",0.6
"Yoga For Life","2011-05-09",0.6
"Flood Streets","2011-04-11",0.6
"Mumford & Sons - Live At Bonnaroo Festival","2011-06-10",0.6
"The Cloud of Unknowing","2011-06-03",0.6
"소중한 날의 꿈","2011-06-23",0.904
"Cirkus Summarum 2011","2011-06-25",0.6
"De Tre Aber","2011-04-13",0.6
"Blue Boy","2011-06-08",1.304
"Adam Lambert: Glam Nation Live","2011-05-10",0.6
"Prita Noire","2011-06-22",0.6
"九九蜂鷹","2011-04-01",0.6
"Bettada Jeeva","2011-06-17",0.6
"Wilder Planet Erde - Afrika Gorillas","2011-06-14",0.6
"New World Order: Secret Societies and Biblical Prophecy - Volume 1: The New World Order / Wars and Rumors of Wars","2011-05-01",0.6
"Liberdade","2011-04-01",0.662
"Fröhlicher Frühling","2011-05-13",0.6
"Rosemary Conley's Real Results","2011-05-16",0.6
"Não Se Pode Viver Sem Amor","2011-05-06",0.6
"Carne, Osso","2011-04-02",0.6
"Denmark","2011-04-09",0.6
"Departures","2011-05-14",0.6
"Un homme presque parfait","2011-06-07",0.6
"A Deeper Shade of Blue","2011-06-15",0.6
"Espera un milagro","2011-06-17",0.6
"Ajan henki","2011-04-04",0.6
"Amor?","2011-06-07",0.6
"Urte berri on, amona!","2011-06-12",0.6
"Silent Stories","2011-06-22",0.6
"No Look Pass","2011-06-07",0.6
"Le grand'tour","2011-05-18",0.6
"Vasco Campeão da Copa do Brasil 2011","2011-06-10",0.6
"Wild Life","2011-04-20",0.6
"Isole","2011-05-10",0.71
"Eduardo e Mônica","2011-06-08",0.6
"3%","2011-05-19",0.6
"换城","2011-06-08",0.6
"Bollywood Dream","2011-04-29",0.6
"Ladyboy","2011-05-06",0.6
"Guitar Artistry Of - Bert Jansch Conundrum: In Concert 1980","2011-05-09",0.6
"Mamonas Pra Sempre","2011-06-17",1.274
"Saigon Yo!","2011-04-22",0.654
"Ode to the Dawn of Man","2011-05-16",0.684
"Mother: Caring for 7 Billion","2011-05-15",0.684
"Atlıkarınca","2011-04-01",0.6
"Xiao tou","2011-06-01",0.6
"Fedakar","2011-05-09",0.6
"Tempus Fugit","2011-06-06",0.6
"Bergmanya'ya Yolculuk","2011-04-16",0.6
"La peli de Batato","2011-04-07",0.6
"Ägypten: Sehnsucht nach Unsterblichkeit","2011-04-09",0.6
"Les cathédrales dévoilées","2011-04-23",0.6
"도약선생","2011-06-30",0.6
"Homens com Cheiro de Flor","2011-06-13",0.6
"Vakáció","2011-04-08",0.6
"No vuelvo a beber","2011-04-23",0.6
"Looking for Milano","2011-05-22",0.6
"Reversal of the Heart","2011-05-13",0.6
"The Numberman Theory","2011-05-29",0.6
"Emilie Richards - Sehnsucht nach Paradise Island","2011-04-17",0.6
"Locos","2011-05-20",0.934
"Matthias Reim - Sieben Leben - Live 2011","2011-04-29",0.6
"Our Last Goodbye","2011-06-20",0.6
"The Space Shuttle: A Horizon Guide","2011-04-10",0.6
"Anna Pavlova Lebt in Berlin","2011-06-30",1.374
"Kiraathaka","2011-06-24",0.6
"Cassini Mission","2011-05-30",0.6
"At the Edge - Die Tierwelt am Himalaya","2011-04-11",0.6
"Mann v. Ford","2011-06-03",0.674
"Todo Mundo Tem Problemas Sexuais","2011-05-13",0.6
"Caught","2011-06-03",0.628
"Die geerbte Familie","2011-04-28",0.878
"Spoiler","2011-05-24",0.6
"The Curse of the Gothic Symphony","2011-06-30",0.874
"Sin título (Carta para Serra)","2011-06-30",0.6
"Bas les cœurs","2011-05-23",0.6
"Cho Dependent","2011-06-16",0.624
"Yatasto","2011-04-01",0.6
"Robert Mitchum Est Mort","2011-04-13",0.764
"The Guantanamo Trap","2011-04-28",0.6
"La Traviata","2011-05-31",0.6
"Al final de la escapada","2011-04-08",0.6
"El Velador","2011-05-17",0.809
"적과의 동침","2011-04-27",0.6
"Ayn Rand: In Her Own Words","2011-04-05",0.6
"Bloodbath: Bloodbath Over Bloodstock","2011-04-25",0.97
"Life in Stills","2011-05-01",0.6
"Viagem a Portugal","2011-06-16",0.6
"MTV Unplugged: Los Tigres del Norte and Friends","2011-05-24",0.6
"Der Fall Max Mustermann","2011-05-05",0.6
"Looking For","2011-05-05",0.6
"Le partage de midi","2011-06-03",0.6
"¡Una carrerita, Doctor!","2011-06-06",0.6
"Monarca","2011-06-03",0.6
"Lucky Day Forever","2011-05-11",0.6
"Les Amants naufragés","2011-06-13",0.91
"9/11 Truth: Hollywood Speaks Up","2011-06-10",0.986
"Guitar Artistry of -John Fahey On The Sunny Side Of The Ocean","2011-06-19",0.6
"எத்தன்","2011-05-27",0.6
"Der Mann, der über Autos sprang","2011-06-09",0.6
"Il primo incarico","2011-05-06",0.714
"이계도함수","2011-06-04",0.6
"Pioneer","2011-04-11",0.6
"Quinze Pontos Na Alma","2011-04-06",0.6
"He Film","2011-06-01",0.6
"3eme B, 4eme gauche","2011-06-16",0.6
"The Rose","2011-06-01",0.6
"Aranda","2011-04-07",0.6
"Les Secrets de l'invisible","2011-06-20",0.6
"Things I Don't Remember","2011-04-23",0.6
"A Trick of the Light","2011-04-28",0.6
"回廊亭殺人事件","2011-06-24",0.624
"Alma","2011-06-12",0.6
"Dams: The Lethal Water Bombs","2011-06-25",0.624
"Serenade to Miette","2011-05-01",0.6
"Salma","2011-05-25",0.6
"Oxígeno para vivir","2011-06-12",0.6
"Vampire Bash","2011-06-01",0.6
"Check","2011-04-03",0.6
"Dia Estrelado","2011-04-06",0.6
"Tout le monde dit je t'aime","2011-06-25",0.874
"Engineering Evil","2011-04-11",0.6
"Raven's Hollow","2011-06-15",0.6
"The Great Dictator: The Clown Turns Prophet","2011-05-24",0.6
"Project Happiness","2011-05-01",0.6
"North Korean Film Madness","2011-04-20",0.6
"Наркомовский обоз","2011-05-10",0.6
"Les petits meurtres d'Agatha Christie: Cinq petits cochons","2011-04-08",0.904
"Vulgar Fractions","2011-06-03",0.6
"God View","2011-06-22",0.624
"Prochainement sur vos écrans","2011-06-17",0.6
"Tralas Luces","2011-06-26",0.6
"Sunday Morning Rapture","2011-06-15",0.6
"Der Wechselbalg","2011-05-19",0.6
"Disquiet","2011-05-31",0.6
"시선 너머","2011-04-28",0.624
"Hemvärnets glada dagar","2011-06-01",0.6
"Club Zeus","2011-06-09",0.6
"Titanic Arrogance","2011-06-02",0.6
"Bienvenue à bouchon","2011-05-10",0.6
"Paper Parachutes","2011-05-19",0.6
"Go, Diego, Go!: Diego Saves the World","2011-06-01",0.6
"La Historia en la Mirada","2011-04-15",0.6
"10 Ave Maria","2011-06-01",0.6
"Bull Runners of Pamplona","2011-05-24",0.6
"Regreso a Viridiana","2011-05-18",0.6
"Harland Williams: A Force of Nature","2011-04-01",0.6
"Olympia","2011-05-01",0.6
"Save the Farm","2011-06-07",0.6
"O Teu Sapato","2011-05-06",0.874
"スリー☆ポイント","2011-05-14",0.6
"The Old Grifter","2011-05-11",0.624
"Times Like Deese","2011-04-03",0.6
"Dame Factory Inc.","2011-06-03",0.6
"Universo de Mya","2011-04-06",0.6
"Flamingo Pride","2011-06-30",0.6
"Las olas","2011-06-28",0.6
"帶一片風景走","2011-06-17",0.6
"ノラゲキ！","2011-04-07",0.624
"Joschka und Herr Fischer","2011-05-19",0.6
"Vorbitor","2011-04-01",0.6
"Hook, Line and Sinker","2011-05-05",0.624
"S.T.A.L.K.E.R.: Monolith's Whisper","2011-05-15",0.934
"Mi burro: esos huesos","2011-04-28",0.6
"Die Stunde des Wolfes","2011-06-06",0.6
"Sur la planche","2011-05-19",0.6
"L'ile lost island","2011-05-03",0.6
"Les petits meurtres d'Agatha Christie: Le flux et le reflux","2011-04-15",0.6
"David Gray: Zermatt Unplugged","2011-04-13",0.6
"Film pentru prieteni","2011-06-11",0.6
"Mort d'un président","2011-04-12",0.6
"The Guitar Artistry Of - Eric Bibb","2011-06-20",0.668
"An Article of Hope","2011-05-01",0.684
"The Guitar Artistry Of - Chris Proctor: Morning Thunder","2011-06-14",0.6
"Jailbirds","2011-05-27",0.6
"Für immer Frühling","2011-06-18",0.6
"Chatulim Al Sirat Pedalim","2011-05-05",1.154
"Ein Sommer in Paris","2011-05-14",0.654
"The Rumble of the Stones","2011-06-06",0.6
"Archetype","2011-06-03",0.6
"Lone Star - Scene","2011-04-21",0.6
"Le Marrakech Du Rire","2011-06-12",0.6
"Bauernfrühstück - Der Film","2011-06-02",0.6
"ขอบคุณที่รักกัน","2011-05-12",0.6
"Le marin masqué","2011-06-11",0.6
"शागिर्द","2011-05-13",1.048
"Hit","2011-04-22",0.6
"The Blue Rose","2011-04-16",0.6
"Girls Dead Monster starring LiSA Tour 2010- Keep The Angel Beats!","2011-06-11",0.6
"Chocolate Sundaes Presents: Live on Sunset Strip!: Vol. 2","2011-05-17",0.6
"Bright Eyes Austin Auditorium Shore","2011-04-14",0.6
"Playing for Change – Songs Around The World (Part 2)","2011-05-31",0.6
"Franco de Vita: En Primera Fila Concierto","2011-05-31",0.6
"The Bosnian Pyramids: The Biggest Hoax In History?","2011-05-10",0.6
"Limbo","2011-05-20",0.767
"Dudamel: El sonido de los ninos","2011-06-10",0.6
"Third Law: N Kedzie Blvd.","2011-06-09",0.6
"Second Law: South Leh St., Allentown, PA","2011-04-06",0.6
"No Escape","2011-04-04",0.6
"Half","2011-05-20",0.6
"Cadenza d'inganno","2011-04-10",0.6
"Noter fra kælderen","2011-06-14",0.6
"Out of Bounds","2011-04-02",0.6
"Bud Greenspan Presents Vancouver 2010: Stories of Olympic Glory","2011-04-28",0.6
"Untouchable","2011-06-01",1.374
"Devil's Gate","2011-04-01",0.6
"2 Years of Summer","2011-04-05",0.6
"Сбогом, мамо!","2011-05-05",0.624
"À dix minutes de nulle part","2011-06-13",0.6
"Případ","2011-04-27",0.6
"Simple","2011-05-03",0.6
"Pecera","2011-05-28",0.6
"Meathead","2011-05-21",0.6
"Soy tan feliz","2011-05-21",0.6
"Kayıp Özgürlük","2011-04-22",0.6
"Casting 3","2011-06-10",0.6
"NINIFUNI","2011-06-11",0.6
"Für kein Geld der Welt","2011-05-13",0.6
"My Tired Father","2011-06-14",0.6
"Something Lost","2011-06-26",0.6
"Mwansa the Great","2011-05-29",0.6
"Between the Devil and the Deep Blue Sea","2011-06-01",0.6
"Die Trödelqueen – Gelegenheit macht Liebe","2011-04-08",0.6
"Maquillaje","2011-06-21",0.6
"Tabu - Es ist die Seele ein Fremdes auf Erden","2011-06-28",0.6
"Ostende","2011-04-01",0.6
"秋之白华","2011-06-29",0.6
"Night Of The Alien","2011-04-08",0.6
"Heart Breaks Open","2011-04-04",0.6
"Badpakje 46","2011-05-21",0.6
"Записки экспедитора тайной канцелярии 2","2011-06-23",0.6
"Balla con noi - Let's Dance","2011-05-27",0.6
"Some Girls Never Learn","2011-06-02",0.6
"213 - The Gang Project","2011-04-12",0.72
"ที่รัก","2011-06-14",0.6
"Morente","2011-04-08",0.6
"Mănuși roșii","2011-05-06",0.6
"Zokkomon","2011-04-02",0.6
"The Pretty Boys","2011-06-01",0.6
"El efecto tequila","2011-06-17",0.6
"Let Them Talk A Celebration of New Orleans Blues","2011-06-14",1.4
"Hopelessly in June","2011-06-06",0.624
"Blue Bird","2011-05-18",0.6
"La Nuit, elles dansent","2011-05-18",0.6
"Zduhač znači avantura","2011-04-15",0.6
"Oktobar","2011-06-21",0.628
"Crayons of Askalan","2011-06-30",0.6
"A Cidade dos Mortos","2011-04-14",0.6
"They're Out of the Business","2011-04-06",0.6
"Hooked for Life","2011-05-23",0.6
"B.B. King: Glastonbury Festival 2011","2011-06-22",0.6
"Youp van 't Hek: Omdat De Nacht","2011-04-03",0.6
"Seema Tapakai","2011-05-13",0.6
"ฮาศาสตร์","2011-04-06",0.6
"อีนางเอ๊ย เขยฝรั่ง","2011-05-12",0.6
"Les Belles-sœurs","2011-04-26",0.721
"Adalet Oyunu","2011-06-09",0.6
"Mocca: Life Keeps on Turning","2011-06-06",0.6
"Wouter Deprez: Eelt","2011-06-06",0.6
"Kingrow - A Short Film","2011-04-28",0.6
"Nur Kasih The Movie","2011-05-19",0.692
"Live at the Masquerade","2011-06-07",0.675
"Century of Light","2011-06-01",0.6
"Korkuluk","2011-06-26",0.6
"Kar Beyaz","2011-05-13",0.6
"Bhakthajanangalude Sradhakku","2011-04-29",0.6
"An Evening With Dave Grusin","2011-04-26",0.6
"På bølgelengde","2011-04-08",0.6
"Bollywood: The Greatest Love Story Ever Told","2011-05-14",0.6
"Ursul","2011-05-06",0.6
"Penunggu Istana","2011-04-21",0.6
"The China Question","2011-06-04",0.654
"BBC Horizon: Are We Still Evolving?","2011-04-19",0.6
"Puro Mula","2011-04-01",0.6
"Monster and Dumpling","2011-05-25",0.6
"Mumford & Sons: Unplugged","2011-06-24",0.6
"Martha Argerich & Mischa Maisky","2011-06-28",0.6
"The Quest","2011-04-08",0.6
"Escalade","2011-06-15",0.669
"Дом на краю","2011-06-06",0.6
"Coldplay: Pinkpop Festival","2011-06-11",0.6
"صرخة نملة","2011-06-02",0.6
"Kucch Luv Jaisaa","2011-05-27",0.6
"Blinders","2011-04-01",0.6
"Gaga by Gaultier","2011-06-09",0.6
"Ayah, Mengapa Aku Berbeda?","2011-04-30",0.6
"Coldwood","2011-05-05",0.6
"En Aguas Quietas","2011-05-31",0.6
"고스트","2011-05-21",0.6
"La muerte de Otilia Ruiz","2011-04-02",0.6
"La Noche Rota","2011-05-15",0.6
"Casting 2","2011-06-10",0.6
"Los SuperMartínez","2011-04-05",0.6
"Yeke Varune","2011-05-20",0.6
"The Fergusons","2011-05-17",0.6
"I Afroditi stin avli","2011-04-10",0.904
"Dot Got Shot","2011-05-28",0.6
"El Casamiento","2011-04-12",0.6
"The Teacher's Lounge","2011-05-27",0.6
"Roy Buchanan Live At Rockpalast 1985","2011-06-12",0.6
"Finding Kind","2011-05-01",0.6
"Trabalho de Actriz, Trabalho de Actor","2011-05-07",0.628
"The Zombie Factor","2011-06-09",0.684
"Pasadena Roof Orchestra - Live In London","2011-06-01",0.6
"Hard Bass 2011 - The Live Registration","2011-05-27",0.6
"Bill Frisell ''The Disfarmer Project'' - Banlieues Bleues","2011-04-24",0.6
"Paraphernalia","2011-05-01",0.6
"A/V","2011-06-12",0.6
"Bendeyar","2011-05-02",0.6
"Dead Girl Trailer","2011-05-22",0.6
"Amarillo Limón","2011-05-15",0.624
"Love Like Aliens","2011-06-26",0.6
"Not About Us","2011-06-10",0.6
"Milltown Pride","2011-04-08",0.6
"Spaceman","2011-06-24",0.684
"Die göttliche Sophie - Das Findelkind","2011-04-14",0.6
"Camminando verso","2011-05-01",0.628
"帰ってきた天装戦隊ゴセイジャー last epic ～護星天使が国民的アイドルに？！～","2011-06-21",0.6
"Heaven Strewn","2011-05-08",0.874
"Misafir","2011-05-20",0.6
"Reservedekk","2011-06-06",0.6
"Seru","2011-04-28",0.6
"เพื่อนไม่เก่า","2011-05-25",0.6
"Naughty @ 40","2011-04-14",0.669
"Sahkanaga","2011-04-29",0.6
"Idol of Evil: Hell Is Forever","2011-04-19",0.6
"Silver Cell","2011-05-18",0.6
"Tren Paraguay","2011-04-09",0.6
"ദി ട്രെയിന്‍","2011-05-27",0.6
"Malavoglia","2011-04-29",0.654
"플레이","2011-06-23",0.6
"Bonn Sawarih","2011-04-20",0.69
"Иччи","2011-04-12",0.6
"Assim Como Ela","2011-06-13",0.6
"الفيل في المنديل","2011-06-16",0.6
"Paranormal Parody","2011-06-15",0.624
"Rives","2011-05-16",0.6
"Küçük Günahlar","2011-05-06",0.6
"Fully Loaded","2011-06-27",0.624
"Devil's Crossing","2011-05-04",1.165
"Demons Rising","2011-06-06",0.885
"Le Premier rasta","2011-04-27",1.4
"The Last Days of The Big Lie","2011-05-22",0.6
"The Editor","2011-04-15",0.6
"David","2011-05-07",0.6
"Alantutorial","2011-06-23",0.6
"Peanuts - Glueck ist eine waermende Decke Charlie Brown","2011-04-01",0.6
"July Moon","2011-06-18",0.6
"Kvinnor som hugger ved i Berlin och i Malmö","2011-06-09",0.6
"Asbest! Ein Gefahrenstoff Kehrt Zurück - Die Story","2011-05-01",0.6
"California Romanza","2011-04-09",0.6
"Treasures of Heaven","2011-06-20",0.6
"pt.es","2011-04-01",0.6
"Falling","2011-04-07",0.6
"Mahmoud (édition collector)","2011-04-01",0.6
"Bara to samurai","2011-06-25",0.6
"구천리 마을잔치","2011-06-24",0.6
"Quem Vai à Guerra","2011-06-16",0.6
"Stake Land: Mister","2011-05-11",0.6
"Stake Land: Jebediah","2011-05-11",0.6
"미성년","2011-06-09",0.6
"Cabaret Crusades: The Path to Cairo","2011-05-05",0.6
"Apollo 17: The Untold Story of the Last Men on the Moon","2011-05-01",0.6
"羊","2011-06-27",0.6
"Bisiklet","2011-04-27",0.6
"Dreams In Digital Or What They Teach You At Film School","2011-06-29",0.6
"Stake Land: Origins","2011-05-11",0.6
"La rosa congelada","2011-06-20",0.6
"Seven Years of Winter","2011-04-26",0.6
"Дед","2011-06-10",0.6
"Slip Away","2011-04-30",0.6
"Fonds Communs","2011-06-15",0.6
"Warning Triangle","2011-06-08",0.6
"Et que l’espérance est violente","2011-06-09",0.6
"Namitha I Love You","2011-06-10",0.6
"بهية ومحمود","2011-06-25",0.6
"Dabadebulebi Saqartveloshi","2011-04-28",0.6
"雑踏の十字架 真夏の陰謀","2011-04-29",0.6
"Den som dræber 4 - Øje for øje","2011-05-03",0.6
"Den som dræber 5 - Dødens kabale","2011-05-17",0.6
"Den som dræber 2 - Utopia","2011-04-05",0.6
"Between the Drops","2011-05-31",0.844
"ساعت شلوغی","2011-05-22",0.6
"Ihminen ja tiede","2011-04-09",0.6
"冰血长津湖","2011-06-01",0.6
"Le crocodile du Nil après l'eden","2011-05-27",0.6
"The Power of Tornado","2011-06-13",0.6
"На всю жизнь","2011-04-23",0.6
"Banga inte","2011-04-15",0.6
"Chroniques d'un Iran interdit","2011-06-14",0.6
"Назад - к счастью, или Кто найдет Синюю птицу","2011-05-08",0.6
"囧探佳人","2011-04-07",0.6
"Star Beast","2011-05-02",0.6
"Белый песок","2011-05-01",0.6
"The Lies We Tell But the Secrets We Keep Part 1","2011-06-24",0.6
"Over the Rainbow","2011-06-05",0.6
"L’amour sur un plateau (Théâtre)","2011-05-28",0.6
"Broadway","2011-04-07",0.6
"Дубля не будет","2011-05-29",0.6
"Transcendendo Lynch","2011-05-20",0.6
"Rêve de femmes","2011-05-17",0.6
"Mujermujer","2011-04-01",0.6
"Luzeiro Volante","2011-04-26",0.6
"No Gravity","2011-05-24",0.6
"After the Apocalypse","2011-05-13",0.6
"Dahil sa'yo","2011-06-01",0.6
"Monique ao Sol","2011-06-01",0.6
"Earth Ghost","2011-04-01",0.6
"ソーローなんてくだらない","2011-06-15",0.6
"Half-Life","2011-05-05",0.6
"Door to Door","2011-06-04",0.6
"Kuntilanak Kesurupan","2011-04-14",0.6
"Noi Doi","2011-05-14",0.6
"I bambini della sua vita","2011-04-13",0.6
"Devious, Inc.","2011-05-12",0.6
"Jenter med baller","2011-06-21",0.6
"Running in Heels: The Glendon Anna Conda Hyde Story","2011-06-19",0.6
"Bouquet final","2011-06-21",0.6
"Pox","2011-04-04",0.6
"Sip'ohi, el lugar del manduré","2011-04-01",0.6
"Içimdeki sessiz nehir","2011-05-08",0.6
"Angel","2011-06-25",0.6
"Mafrouza/Coeur","2011-06-15",0.6
"Brouillard #2-12-6","2011-06-01",0.6
"Mutus Floris","2011-05-30",0.6
"rays last jump!","2011-04-14",0.6
"Hannah and the Hasbian","2011-06-19",0.6
"Il lupo in calzoncini corti","2011-06-24",0.6
"Million Dollars Point","2011-06-01",0.6
"Neon. The fire in the cities","2011-05-01",0.6
"Beautiful in Beaufort-Wes","2011-05-10",0.6
"Crime","2011-05-24",0.6
"Le ciel en bataille","2011-04-12",0.6
"Oğul","2011-05-02",0.6
"Mar 2011","2011-05-09",0.6
"Film","2011-05-04",0.6
"Anti Depresan","2011-05-01",0.6
"Snake Underworld with Henry Rollins","2011-04-29",0.6
"Шиповник","2011-06-07",0.6
"Intet kan røre mig","2011-06-10",0.6
"Bay Kilink İstanbul'da","2011-05-08",0.6
"Doc Holliday: Live In Paris","2011-06-15",0.6
"Loose Connection","2011-06-06",0.6
"Vampire Gastelbrau","2011-05-30",0.6
"タイディ・アップ","2011-06-18",0.6
"Colibrí","2011-06-01",0.6
"Mahieustueus","2011-06-05",0.6
"The Exploited HellFest 2011","2011-06-17",0.6
"Film","2011-05-17",0.6
"Ganap na Babae","2011-04-01",0.6
"রঞ্জনা আমি আর আসবনা","2011-06-24",0.6
"Tu as loué une voiture pour pleurer: crying in our cars","2011-05-04",0.6
"The Challenge of Change","2011-05-04",0.6
"The Arcadian","2011-04-28",0.6
"The Magic Skin","2011-06-06",0.6
"はい!もしもし、大塚薬局ですが","2011-04-09",0.6
"Les caméras cachées de François Damiens - Le best of (Vol. 2)","2011-06-01",0.6
"Alicudi 3 Lontana","2011-04-14",0.6
"Alicudi 2 Selvaggia","2011-04-14",0.6
"Alicudi 1 Bella","2011-04-14",0.6
"Six Million Steps: A Journey Inward","2011-04-15",0.6
"untitled video about gchat","2011-04-01",0.602
"Holst: In the Bleak Midwinter","2011-04-24",0.6
"Missile Crisis","2011-06-24",0.6
"M for Markus","2011-06-09",0.6
"The Mask of James Henry","2011-04-01",0.6
"Nuits transparentes","2011-04-14",0.6
"Vie","2011-04-14",0.6
"Neiges","2011-04-14",0.6
"Der Komödienstadel: Herz ist Gold","2011-05-29",0.6
"Beatriz González ¿Por qué llora si ya reí? Monólogo a tres voces","2011-04-12",0.6
"Un ovni sobre mi cama","2011-04-10",0.6
"A simple rhythm","2011-04-07",0.6
"Tarantino, le disciple de Hong-Kong","2011-06-05",0.6
"Irresistible","2011-06-14",0.6
"アマガミSS 橘美也編 イモウト","2011-04-29",0.6
"Junk","2011-06-01",0.6
"Unveiling the Calgary Soldiers' Memorial","2011-04-10",0.6
"Half-Lives: The Chernobyl Workers Now","2011-04-26",0.6
"Slow Motion","2011-06-08",0.6
"Swerte Ni Maxin","2011-06-08",0.6
"Luv U Tol","2011-06-08",0.6
"Pride Comedy Jam","2011-06-02",0.6
"Dose, trese, katorse","2011-06-08",0.6
"Out in America","2011-06-08",0.6
"Par-courts Gay, Volume 1","2011-05-13",0.6
"Mr Lincoln's Army","2011-04-19",0.6
"Du Big Bang au Vivant","2011-05-03",0.6
"Stopover in Dubai","2011-05-05",0.6
"13 Cara Memanggil Setan","2011-04-07",0.6
"Handel: Belshazzar","2011-06-14",0.6
"Nature: Bears of the Last Frontier","2011-05-08",0.6
"Ramata","2011-06-01",0.6
"Eyes Find Eyes","2011-06-08",0.6
"無常素描","2011-06-18",0.6
"D/s","2011-05-04",0.6
"Acqua in bocca","2011-06-08",0.6
"Gettin' Tighter: The Story of Mark IV Deep Purple","2011-05-23",0.6
"Gravity","2011-05-11",0.6
"Mein Prinz. Mein König.","2011-05-06",0.6
"La Generación de Pío","2011-04-10",0.6
"John Muir in the New World","2011-04-18",0.6
"Je, François Villon, voleur, assassin, poète","2011-06-10",0.6
"Closure","2011-04-01",0.6
"Project Genesis: Crossclub 2","2011-04-04",0.6
"The Back Room","2011-04-01",0.6
"52","2011-04-08",0.6
"Ein Schatz fürs Leben – Abenteuer in Panama","2011-05-01",0.6
"Sounding Glass","2011-06-01",0.6
"Avenged Sevenfold - Decade Of A7X","2011-05-07",0.6
"Time Travel","2011-05-15",0.6
"BARAGA-鬼ki","2011-06-01",0.6
"Yürügari Ibram","2011-05-01",0.6
"Our Newspaper","2011-05-05",0.6
"Nine to Fire","2011-06-20",0.6
"Silent Cargo","2011-06-11",0.6
"리코더 시험","2011-06-25",0.6
"Ветер северный","2011-06-12",0.6
"Fy fan vad vi är bra","2011-05-08",0.6
"Gegen morgen","2011-06-10",0.6
"Room 4","2011-04-16",0.6
"Madama Butterfly","2011-06-28",0.6
"Oscar Benton ‎– Is Still Alive!","2011-04-12",0.6
"And Gandhi Goes Missing...","2011-06-23",0.6
"Welcome to Shelbyville","2011-05-24",0.6
"The Air Inside Her","2011-05-18",0.6
"Smoking Kills","2011-06-19",0.6
"Foo Fighters - Radio 1's Big Weekend 2011","2011-05-14",0.6
"Dark Gable","2011-05-17",0.6
"True Otaku","2011-06-25",0.6
"Iros","2011-04-21",0.6
"Céu, Inferno e Outras Partes do Corpo","2011-04-30",0.6
"Robot","2011-05-11",0.6
"Galata","2011-04-12",0.6
"さよなら、後藤さん","2011-04-06",0.6
"바보야","2011-04-21",0.6
"Lifetime Guarantee","2011-06-10",0.6
"Money Dog","2011-06-05",0.6
"Desanimado","2011-06-08",0.6
"Náufragos","2011-05-31",0.6
"Doctor Who: The Dream Child","2011-06-22",0.6
"Profil","2011-06-21",0.6
"Chupi Chupi","2011-04-11",0.6
"Daqqet ix-Xita","2011-05-09",0.6
"Naked Run","2011-05-05",0.844
"Белая ворона","2011-06-11",0.6
"Tərsinə Çevrilən Dünya","2011-06-30",0.6
"Turandot - Puccini - Live from Verona","2011-06-23",0.6
"Annie Nightingale: Bird on the Wireless","2011-06-03",0.844
"Grandma","2011-04-08",0.6
"One Ocean at Sea World","2011-06-21",0.6
"Los Minutos, Las Horas","2011-05-11",0.6
"Angelina Ballerina Super Polly","2011-06-01",0.6
"Audition","2011-06-19",0.6
"Fireman Sam Pirates of Pontypandy","2011-05-12",1.094
"Fireman Sam SOS","2011-04-08",0.6
"African Air","2011-06-01",0.6
"Mais Denso que Sangue","2011-06-17",0.6
"All My Tomorrows","2011-04-14",0.6
"Wer rettet Dina Foxx?","2011-04-20",0.6
"Опасная зона","2011-06-02",0.6
"Chenrezig @ Chenrezig","2011-06-16",0.6
"Man 2 Man: A Gay Man's Guide to Finding Love","2011-06-07",1.344
"Shayne's Rectangle","2011-06-05",0.6
"Oaxaca Tohoku","2011-06-01",0.6
"Rescue Team","2011-06-01",0.6
"La force du nombre -4","2011-05-30",0.6
"La tactique du tueur-3","2011-05-30",0.6
"Cibles sur pattes-2","2011-05-30",0.6
"Quête et destruction-1","2011-05-23",0.6
"Contour","2011-05-04",0.6
"A Film Without End - 2","2011-05-28",0.6
"A Film Without End - 1","2011-05-28",0.6
"一分鐘","2011-04-29",0.6
"打錯","2011-04-11",0.6
"午後公園@你還可愛麼","2011-04-21",0.6
"Slight @ 你還可愛麼？","2011-05-24",0.6
"Как же мне надоели твои чудеса","2011-04-20",0.6
"Ticket","2011-05-26",0.6
"پيوند","2011-04-22",0.6
"南石头","2011-04-01",0.6
"Les Nuits D'alice","2011-06-28",0.6
"Бизнес по-русски","2011-06-02",0.6
"Lucky Jokers","2011-04-29",0.6
"While I Breathe","2011-04-29",0.6
"The Chance of Striking Gold","2011-05-31",0.6
"Vater, unser Wille geschehe","2011-05-21",0.6
"Ата","2011-06-05",0.6
"Aerosmith: The Best Of DVD 2","2011-05-15",0.6
"Aerosmith: The Best Of DVD 1","2011-05-15",0.6
"Pirat@ge","2011-04-15",0.6
"Cooper and the Castle Hills Gang","2011-04-04",0.6
"A Musical Journey: On the Road to Bhutan","2011-06-06",0.6
"Oxygen: The Old Man and His Bed","2011-04-22",0.6
"Sometimes the Moon Is Velvet","2011-05-04",0.6
"Purple Love","2011-04-30",0.6
"En kväll på krogen","2011-04-20",0.6
"ARASHI 10-11 TOUR 'Scene' - Training Camp","2011-06-15",0.6
"Kalung Jelangkung","2011-04-20",0.6
"La Broma Infinita","2011-04-18",0.6
"Mç'imaşi Berepe","2011-04-26",0.6
"Sol","2011-04-01",0.6
"À Sombra de um Delírio Verde","2011-05-07",0.6
"The Roses","2011-04-05",0.6
"Tempts","2011-05-05",0.6
"Marijine","2011-05-02",0.6
"Et ils gravirent la montagne","2011-06-15",0.6
"Eyrie","2011-04-27",0.6
"Moving, Playing, Not Moving","2011-06-30",0.6
"The Conquerors","2011-05-01",0.6
"Eskimal","2011-05-01",0.6
"Schuddebol je mee met Kaatje","2011-04-07",0.6
"Sri Lanka's Killing Fields","2011-06-14",0.6
"Still Around","2011-06-24",0.6
"A Moment of Youth","2011-06-25",0.6
"Mama Mama, Papa Papa","2011-05-08",0.6
"East Bloc Love","2011-06-25",0.6
"The Brothers Sinclair","2011-04-21",0.6
"The Sleeping Beauty of East Finchley","2011-06-16",0.6
"Kentut","2011-06-01",0.6
"El muro rosa","2011-05-01",0.6
"Catharsis","2011-04-04",0.6
"Конечная остановка","2011-06-15",0.6
"Teneriffa EXIT","2011-04-01",0.6
"Я забуду этот день","2011-05-13",0.6
"The After Party: The Last Party 3","2011-04-01",0.6
"Games of the North","2011-04-18",0.6
"Quelques jours de répit","2011-04-27",0.6
"Koreatown","2011-04-14",0.6
"Project Aether","2011-04-10",0.6
"Nach der Stille","2011-06-30",0.6
"Mischgebiet","2011-06-26",0.6
"Die große Passion","2011-04-22",0.6
"Frankfurt Coincidences","2011-06-24",0.6
"Romua, ruisketta, rutinaa","2011-04-02",0.6
"Pinecastle Rd.","2011-05-01",0.6
"Laut Bercermin","2011-05-05",0.6
"Dilbert 3","2011-05-01",0.6
"Invertebrados","2011-06-30",0.6
"Blinding Light","2011-05-10",0.6
"Très chère Mathilde","2011-04-19",0.6
"Die Christianisierung der Wikinger - Kreuz gegen Hammer","2011-04-16",0.6
"Bucharestless","2011-06-10",0.6
"Tarkastaja","2011-06-16",0.6
"143 I Love You","2011-06-14",0.6
"Pangira","2011-05-20",1.094
"Behind Biutiful: Director's Flip Notes","2011-05-31",0.6
"Vahetus","2011-04-13",0.6
"아름다운 유산","2011-04-14",0.6
"津軽百年食堂","2011-04-02",0.6
"രഘുവിന്റെ സ്വന്തം റസിയ","2011-05-20",0.6
"Orgia","2011-05-08",0.6
"കാണാക്കൊമ്പത്ത്","2011-06-24",0.6
"The Mirror Boy","2011-06-10",0.6
"Les cendres de verre","2011-04-01",0.6
"Die Fahrt seines Lebens","2011-04-07",0.6
"La 5ème Corde","2011-06-29",0.6
"Балалық шағымның аспаны","2011-04-14",0.6
"Calypso Rose - The Lioness of the Jungle","2011-05-14",0.6
"Wisconsin Supper Clubs: An Old Fashioned Experience","2011-04-17",0.6
"Heartstrings","2011-06-08",0.6
"The Allman Brothers: Live In Germany 1991","2011-04-11",0.6
"The Tarix Jabrix 3","2011-06-16",0.6
"Noch na zakate leta","2011-06-01",0.6
"Leila","2011-04-23",0.6
"New Media","2011-04-19",0.6
"Bad Girl","2011-05-05",0.84
"Grave Tales","2011-04-30",0.6
"少女たちの羅針盤","2011-05-14",1.344
"Fest Selects: Best Gay Shorts, Vol. 1","2011-05-17",0.6
"Bag Blixens maske","2011-05-05",0.6
"The FIRM Express: Bonus - Shortcut To Flat Abs","2011-04-19",0.6
"My Vietnam, Your Iraq","2011-05-01",0.6
"Wszystko","2011-04-08",0.6
"La retraite volée, la misère du troisième âge en Angleterre","2011-06-23",0.6
"Martin Blaszko III","2011-04-11",0.6
"Ungeschriebene Gesetze","2011-04-17",0.6
"Tick Tock Time Emporium","2011-04-27",0.6
"Komma Ut","2011-05-11",0.6
"Twelve Dark Noons","2011-04-01",0.6
"Under","2011-04-27",0.6
"Los infectados","2011-05-30",0.6
"Kiss Me, Kate","2011-04-02",0.6
"Jagdgründe","2011-05-03",0.6
"Chronicles of Humanity: Descent","2011-04-26",0.6
"I Am","2011-04-20",0.6
"Artur","2011-05-10",0.6
"Scumbag Millionaire","2011-04-20",0.6
"Fall Frum Grace, Miss Pipi's Blue Tale","2011-04-21",0.6
"From Manila with Love","2011-06-21",0.6
"Oasis - BBC Electric Proms","2011-04-19",0.6
"Kyôfu shinbun","2011-05-21",0.6
"Osmdesát dopisů","2011-04-21",0.6
"Action Heroes","2011-04-21",0.6
"Particology","2011-05-16",0.6
"The Oldest LESBIAN in the World!","2011-04-01",0.6
"Unbeleafable","2011-06-12",0.6
"Cat Effekt","2011-06-07",0.6
"Symmetry","2011-04-18",0.6
"The Sculptor","2011-05-15",0.6
"Goldenbox","2011-05-15",0.6
"Así funciona el mundo","2011-06-25",0.6
"Thou Shalt Laugh 5","2011-06-11",0.6
"Das Heimweh der Feldforscher","2011-05-03",0.6
"Sanju Weds Geetha","2011-04-01",0.6
"Adriaan Van den Hoof: Doortocht","2011-05-11",0.6
"Pinto con lata","2011-06-16",0.6
"Akkarakazhchakal - The Movie","2011-04-29",0.6
"Allegoria Sacra","2011-04-14",0.6
"Courir","2011-06-18",0.6
"Total dureknallt","2011-06-07",0.6
"Um Filme com Benê Silva","2011-06-07",0.6
"Rodney Cecil: Psycho Hero","2011-04-04",0.6
"The Big Picture","2011-05-15",0.6
"Jesus Was a Commie","2011-05-19",0.6
"Habitus","2011-05-04",0.6
"Papagordo. En casa de Raimundo Amador","2011-05-04",0.6
"Thoroughbred: Born to Run","2011-05-03",0.6
"Solar, the Blindman Easting a Papaya","2011-04-29",0.6
"Der Papst ist kein Jeansboy","2011-04-27",0.6
"Think Of England","2011-05-30",0.6
"Синот","2011-04-19",0.6
"How Huang Fei-hong Rescued the Orphan from the Tiger's Den","2011-04-02",0.6
"Small Poetry","2011-04-19",0.6
"Chess Kids: Special Edition","2011-06-15",0.6
"Boca do Lixo: A Bollywood Brasileira","2011-04-13",0.6
"The Congregation","2011-04-10",0.6
"Spellbeamed","2011-04-09",0.6
"Yıldız Alpar: Bedii Raks'tan Bugüne","2011-04-06",0.6
"Супер Баха","2011-05-25",0.6
"Vó Maria","2011-04-02",0.6
"Der ewige Tourist","2011-06-20",0.6
"Comrade Duch: The Bookkeeper of Death","2011-05-31",0.6
"Red Bull Sport-Edition: Sich die Welt erlaufen - Wahnsinn Wüste","2011-04-22",0.6
"Law of the Dragon","2011-05-30",0.6
"Witness","2011-06-01",0.6
"Gen Zong Kong Ling Xue","2011-04-30",0.6
"Takamine","2011-05-16",0.6
"Mark Donskoy. Korol' I Shut","2011-04-01",0.6
"若きロッテちゃんの悩み","2011-06-04",0.6
"3,2,1 Cinta","2011-06-16",0.6
"Hand Over Fist","2011-05-21",0.6
"Off Route 2","2011-04-21",0.6
"Mélange Coupe Fine","2011-05-01",0.6
"Heldenkanzler","2011-05-12",0.6
"Do Amor e Outros Crimes","2011-04-01",0.6
"Nickelodeon Favorites: Food With Friends","2011-05-17",0.6
"The Gaslight Anthem: Live at Rock Am Ring 2011","2011-06-03",0.6
"Wörthersee Tour 2011","2011-04-04",0.6
"FERROVIARIOS. MEMORIA DE ACERO EN UNA CIUDAD SIN TREN","2011-04-19",0.6
"Permanencias","2011-05-13",0.6
"Der kleine Ritter Trenk - Auf Lanzenkampf komm raus!","2011-04-25",0.6
"Goli sati","2011-04-05",0.6
"Out of Time","2011-04-17",0.6
"Kommedie oder kommedie net","2011-06-05",1.094
"Calvet","2011-06-16",0.6
"Kabylie, Génèse d'une révolte","2011-04-20",0.6
"Self Centaured","2011-06-01",0.6
"The Adventures of a Cardboard Box","2011-06-17",0.6
"Retorsion","2011-06-12",0.6
"Não Gosto dos Meninos","2011-05-30",0.6
"Lindsay Lohan","2011-06-01",0.652
"Habla Texas","2011-05-05",0.6
"The Tale of a Fairy","2011-05-09",0.6
"Make","2011-06-21",0.6
"Cliff Lake","2011-06-26",0.6
"Kara Kafa","2011-04-01",0.6
"Edwin Parker","2011-06-29",0.6
"St. Bernadette of Lourdes","2011-05-13",0.6
"Manlio Argueta: poetas y volcanes","2011-04-26",0.6
"Alex","2011-06-03",0.6
"Sauvage","2011-04-13",0.6
"魔法少女を忘れない","2011-04-23",0.6
"회초리","2011-05-19",0.6
"Bisclavret","2011-04-09",0.6
"Thru the Trees","2011-05-01",0.6
"Damn That Pussycat!","2011-05-30",0.6
"All in All","2011-04-11",0.6
"Jules et Marcel","2011-04-10",0.6
"Beat Parade - Viaggio nel mondo dei giovani negli anni sessanta","2011-06-01",0.6
"Nas Paredes da Pedra Encantada","2011-04-30",0.6
"Murali Meets Meera","2011-04-22",0.844
"The Meeting Place","2011-06-21",0.6
"엄마 까투리","2011-06-02",0.6
"2011 White House Correspondents Dinner","2011-04-30",0.6
"멋진 인생","2011-06-09",0.6
"Taistelu Turusta","2011-04-29",0.6
"법정 스님의 의자","2011-05-12",0.6
"Silent But Deadly","2011-06-28",0.6
"오월愛","2011-05-12",1.094
"Yesterday is Here","2011-04-02",0.6
"Smorgasbord","2011-05-09",0.882
"For Sock's Sake","2011-05-11",0.6
"Shostakovich Symphony No. 8","2011-05-25",0.6
"Mulroney: The Opera","2011-04-16",1.344
"Variation on The Sunbeam","2011-04-21",0.6
"4x Timão A Conquista do Tetra","2011-06-17",0.6
"EstebΔn","2011-04-13",0.6
"Brandweerman Sam Redder In Nood","2011-06-01",0.6
"Pipo In West Best Deel 2","2011-05-01",0.6
"Pipo In West Best Deel 1","2011-05-01",0.6
"Hawk","2011-06-14",0.6
"Djavan - Ária Ao Vivo","2011-06-24",0.6
"Xia luo","2011-04-08",0.6
"The Medic","2011-05-19",0.6
"Renato Zero - Sei Zero","2011-05-10",0.6
"On Vampyres and Other Symptoms","2011-05-07",1.094
"God's Wrath","2011-04-14",0.6
"الفاجومى","2011-06-01",0.6
"Loss of Taste","2011-06-08",0.6
"Prinz Ratte","2011-05-14",0.6
"God Knows Who...","2011-05-15",0.6
"The Centre of the Universe","2011-06-03",0.6
"Le geste ordinaire","2011-05-12",0.6
"Gehenna, AB (1979-1989)","2011-05-11",0.6
"Light Licks: Daily Camera","2011-05-09",0.6
"Light Licks: By the Waters of Babylon: This May Be The Last Time","2011-05-09",0.6
"Kurtl Holt Milch","2011-05-09",0.6
"Bei Ebbe","2011-05-06",0.6
"Memórias do Meu Tio","2011-05-06",0.6
"Under the Boardwalk: A Ukelele Love Story","2011-05-01",0.6
"In lei e nel riflesso","2011-04-27",0.6
"Acho que Chovia","2011-04-27",0.6
"A Primeira Noite do Resto de Nossas Vidas","2011-04-26",0.6
"Una muchacha de lento andar","2011-04-24",0.6
"Mother Tongue","2011-04-24",0.6
"Dendera","2011-06-25",0.6
"The Loner","2011-04-15",0.6
"Morrisey: [2011] Glastonbury, England","2011-06-24",0.6
"Last Meal","2011-04-09",0.6
"Headache","2011-04-09",0.6
"Täuschen und Tarnen - Über Lebenskünstler der Natur","2011-05-15",0.6
"Cork's Cattlebaron","2011-04-02",0.6
"Paashaat","2011-04-23",0.6
"A Highway Called 301","2011-04-15",0.6
"Wages of Sin","2011-04-18",0.6
"One Shot","2011-04-15",0.6
"قصه پریا","2011-06-15",0.6
"Kreator: [2011] Hellfest","2011-06-18",0.6
"Atheist: [2011] Hellfest","2011-06-19",0.6
"The Shutdown","2011-05-01",0.6
"Patriot","2011-05-14",0.6
"Podunavske Švabe: Danube Swabians","2011-06-15",0.6
"Triple A","2011-04-12",0.6
"Engelenbak","2011-06-16",0.6
"De Veer van César","2011-05-11",0.606
"The Letter","2011-06-12",0.6
"Lunatic Messiah","2011-06-17",0.6
"Paternal Womb","2011-05-21",0.6
"Ce n'est rien","2011-05-21",0.6
"Re-Evolution","2011-04-13",0.6
"Serdadu Kumbang","2011-06-16",0.6
"Tôfu kozô","2011-04-29",0.6
"Conspiracy","2011-04-01",0.6
"Beredtes Schweigen","2011-05-19",0.6
"Mozart Don Giovanni","2011-06-11",0.6
"Emerging Past","2011-05-14",0.6
"Shoals","2011-06-15",0.6
"Gentleman - Live At Bauhaus","2011-05-21",0.6
"The Mirrored Curtain","2011-06-01",0.6
"上訪村","2011-04-06",0.6
"Schrei 27","2011-04-22",0.6
"Banderovci","2011-05-05",0.6
"БАгИ","2011-05-20",0.6
"The Living Want Me Dead","2011-05-07",0.6
"The God Debate II","2011-04-12",0.6
"Rufus Wainwright: Prima Donna","2011-06-30",0.6
"Duelo antes da noite","2011-05-19",0.6
"Moving Stories","2011-06-05",0.6
"Den som dræber 3 - Ondt blod","2011-04-19",0.6
"Die Muse","2011-05-05",0.6
"Епизодист","2011-04-01",0.6
"Um Sampaio Teimoso","2011-05-01",0.6
"Le Lotus dans tous ses états","2011-05-10",0.6
"Heath Vs Wilson : The 10 Year Duel","2011-05-25",0.6
"Akibat Pergaulan Bebas 2","2011-05-12",0.6
"Дневник собаки-философа","2011-05-25",0.6
"People's Champion: Behind the Battle","2011-05-24",0.6
"Felipe Canasto","2011-05-14",0.6
"心靜","2011-06-18",0.6
"Native Sun","2011-05-01",0.6
"Volcano Girl","2011-05-07",0.6
"Law Law Gang","2011-06-01",0.6
"Other Faces","2011-05-06",0.6
"Surfing with the Enemy","2011-04-11",0.6
"Disparition des abeilles, la fin d'un mystère","2011-06-07",0.6
"Wake Before I Die","2011-05-15",0.6
"The Love of Books: A Sarajevo Story","2011-04-21",0.6
"Leap: Rise of the Beast","2011-05-15",0.6
"Birmanie: la dictature de l'absurde","2011-06-01",0.6
"Looking for Lowry","2011-04-24",0.6
"Tan atentos","2011-04-01",0.6
"Tout le monde descend","2011-06-26",0.6
"Operación Pedro Pan","2011-06-24",0.6
"En ballong til Allah","2011-06-27",0.6
"Şov Bizinıs","2011-05-19",0.6
"New York Jazzed Out","2011-04-12",0.6
"Pl.ink!","2011-06-22",0.6
"Papegøye","2011-06-22",0.6
"Kjøttsår","2011-05-21",0.6
"Himmelen bak huset","2011-05-06",0.6
"From This Day to Where","2011-06-15",0.6
"Farukhs Mynt","2011-06-22",0.6
"Et ekteskap","2011-06-22",0.6
"Visdom","2011-06-21",0.6
"Titten","2011-05-01",0.6
"Estado de Sítio","2011-06-09",0.6
"Het Huis Anubis Het Mysterie Van Het Verborgen Symbool","2011-04-27",0.6
"Feet","2011-05-31",0.6
"Inculpado","2011-04-16",0.6
"Juan Pérez","2011-04-16",0.6
"Tú de tinta, yo escribo","2011-05-06",0.6
"Ausencia","2011-06-03",0.6
"The Disembodied","2011-04-08",0.6
"Parsifal","2011-05-31",0.6
"돌아오는 길","2011-04-07",0.6
"Missy Higgins: Max Sessions","2011-04-14",0.6
"Angry Boys","2011-05-11",0.6
"Toni Costa: Kommissar auf Ibiza - Der rote Regen","2011-04-07",0.6
"Præsidenten","2011-04-12",0.6
"A Musa Impassível","2011-04-30",0.6
"Cheat","2011-04-23",0.6
"All the Lines Flow Out","2011-04-10",0.6
"Interpol","2011-05-10",0.6
"Alien Exorcism","2011-06-17",0.6
"Taksikab","2011-05-11",0.6
"Het dubbeldikke voorleesboek van Dikkie Dik","2011-04-01",0.6
"Distant Beats","2011-06-03",0.6
"The Empty Hands","2011-04-01",0.6
"Curse of the Insect Woman","2011-06-29",0.6
"Ask Us Who We Are","2011-04-09",1.094
"Liebe, Babys und ein Herzenswunsch","2011-05-08",0.6
"The American Dream: Volume 1","2011-06-22",0.6
"Perfect Rivals","2011-04-03",0.6
"The Nothing","2011-04-14",0.6
"Bruene","2011-06-08",0.6
"Jerseyboy Hero","2011-04-07",0.6
"Business as Usual: The Exploitation of Hip Hop","2011-06-11",0.844
"Ein guter Sommer","2011-06-29",0.6
"All I Wanna Do","2011-04-28",0.6
"A Falcon, A Revolution","2011-04-01",0.6
"Byari","2011-06-09",0.6
"The Destiny of Lesser Animals","2011-04-01",0.6
"My Friend Kills Time","2011-06-19",0.6
"Boes Boes Deel 2","2011-06-01",0.6
"The Whisper Home","2011-05-03",0.6
"Creo que te amo","2011-04-24",0.6
"The Liminal Series","2011-06-29",0.6
"Lo Chiamavamo Vicky","2011-06-01",0.6
"California Forever","2011-05-01",0.6
"These Blazeing Starrs!","2011-06-24",0.6
"Snow, Man","2011-05-20",0.6
"Sprookjes Van Klaas Vaak Deel 2","2011-04-21",0.6
"Sprookjes Van Klaas Vaak Deel 1","2011-04-21",0.6
"Ainom","2011-06-01",0.6
"Ponto Org","2011-05-20",0.6
"The Pushcarts Leave Eternity Street","2011-06-09",0.6
"Wild Iran: The Unveiled Collection of Iran's Plants and Animals","2011-06-01",0.6
"Historic Japanese Prejudice & Racism Films","2011-06-06",0.6
"""Live in Wembley"" - Yoga Music","2011-05-19",0.6
"Proposals","2011-05-24",0.6
"Peter Pedal - Balladen med Robotaben og Andre Eventyr","2011-06-30",0.6
"The Tree","2011-06-24",0.6
"Alterations","2011-05-05",0.6
"Marie Brand und die Dame im Spiel","2011-04-14",0.6
"Outro máis","2011-04-01",0.6
"Draconis Olim","2011-06-20",0.6
"Lego Hero Factory: Ordeal of Fire","2011-04-10",0.6
"O Sapateiro","2011-06-09",0.6
"Nit de Sant Joan","2011-06-23",0.6
"Gen Silent","2011-06-25",0.6
"Les anges de Port Bou","2011-05-28",0.6
"United States of Airnadette","2011-06-08",0.6
"Workers Leaving the Googleplex","2011-04-28",0.6
"Der kleine Ritter Trenk - Auf zur Burg Hohenlob!","2011-04-22",0.6
"Nina sieht es ...!!!","2011-06-08",0.6
"No Lost Cause","2011-05-27",0.6
"VeggieTales: Live! Sing Yourself Silly","2011-06-01",0.6
"Six Blind Eyes","2011-04-16",0.6
"Highway Gospel","2011-04-29",0.6
"Fito Paez Confía","2011-04-30",0.6
"守护童年","2011-05-27",0.656
"La résidence","2011-05-24",0.886
"Love and Politics","2011-04-29",0.6
"Sleeping Soldiers","2011-05-11",0.6
"Ehre","2011-06-30",0.6
"Galata","2011-04-12",0.6
"Laura Marling: A Performance at The Guest Apartment","2011-06-15",0.6
"Longue Peine","2011-05-27",1.096
"岳 ガク","2011-05-07",0.6
"Parkdale","2011-06-29",0.6
"To Rest in Peace","2011-05-17",0.6
"Camille Saint-Saens: Samson et Dalila","2011-04-01",0.6
"Karlsefni","2011-06-23",0.6
"Brother's Keeper: A Story of Ultimate Love, Faith and Forgiveness","2011-04-30",0.6
"Caroline Rhea & Friends","2011-05-17",0.6
"미안해, 고마워","2011-05-26",0.6
"Curaçao","2011-04-07",0.6
"Surprising Europe","2011-04-06",0.6
"Cast Alaska","2011-05-01",0.6
"Honor Takes Center Stage: Chapter 2","2011-04-02",0.6
"O Ogro","2011-05-19",0.6
"Die Minensucherin","2011-04-04",0.6
"Metamorphosis: The Design and Beauty of Butterflies","2011-06-01",0.6
"Rio Sonata: Nana Caymmi","2011-04-21",0.6
"Legally Brown","2011-05-26",0.701
"Jon Lovitz Presents","2011-04-23",0.6
"Extranos de la Noche","2011-04-05",0.6
"Ancient Astronauts: Our Extraterrestrial Legacy","2011-06-28",0.6
"Papa allein zu Haus","2011-05-16",0.701
"¿Qué culpa tiene el tomate?","2011-06-02",0.6
"The Truth Is Out There","2011-05-21",0.6
"Langhe Doc. Stories of Heretics in the Italy of Warehouses","2011-04-03",0.6
"Liv Moon: Club Show Golden Moon","2011-06-29",0.6
"Lost in Buenos Aires","2011-04-20",0.6
"Del Shores: My Sordid Life","2011-04-08",0.6
"Sherlock Holmes and the Shadow Watchers","2011-04-06",0.6
"Varla Jean and the Mushroomheads","2011-04-10",0.6
"Fancypants","2011-04-15",0.6
"Sign Seeker","2011-06-11",0.6
"Tingala Sa Baba","2011-06-11",0.6
"Oh! Pa Ra Sa Ta U Wa Yeah!","2011-06-11",0.6
"Downtown","2011-06-11",0.6
"La nadadora","2011-05-30",0.6
"Sali-salita","2011-06-11",0.6
"Unplugged","2011-06-11",0.6
"The Howl & The Fussyket","2011-06-11",0.6
"Baseball, Dennis & The French","2011-05-04",0.6
"Ballkan Bazar","2011-04-14",0.6
"Storybook Classics: The Man in the Iron Mask","2011-05-11",0.6
"Storybook Classics: Hercules","2011-05-10",0.6
"Phantom Images","2011-06-08",0.6
"Killing Ruth: The Snuff Dialogues","2011-04-03",0.6
"CornerStore","2011-06-01",0.6
"Beautiful","2011-05-04",0.6
"Liebeskuss am Bosporus","2011-04-11",0.6
"Running the Ropes","2011-05-05",0.6
"Die Konterrevolution","2011-05-20",0.6
"Freaks In Love","2011-04-15",0.6
"Red Dragonflies","2011-05-05",0.6
"The Birds Upstairs","2011-06-28",0.6
"Drink, Drugs and KFC","2011-04-13",0.6
"Dendam Sundelbolong","2011-05-15",0.6
"Phyllis","2011-04-07",0.6
"Der Brief","2011-05-20",0.6
"Passion Despair","2011-05-07",0.6
"Legend vägevast seebist","2011-05-13",0.6
"Lint: The Movie","2011-06-01",0.6
"A Perfect Life","2011-05-20",0.6
"Asmara Pontianak K-Pop","2011-06-30",0.964
"Angelina Ballerina: Pop Star Girls","2011-06-07",0.6
"ഉപ്പുകണ്ടം ബ്രദേഴ്‌സ് Back In Action","2011-06-11",0.6
"Cross","2011-05-21",0.6
"Postales","2011-04-11",0.6
"Merci patron","2011-06-27",0.6
"Warm Up","2011-05-17",0.6
"Jerry Goldsmith 80th Birthday Tribute Concert","2011-06-06",0.6
"RJD2: Live at the Rave","2011-04-01",0.6
"Himalaya - Ladakh Spiti Mustang","2011-05-11",0.6
"Frères","2011-04-13",0.6
"The Greenman","2011-05-21",0.6
"Islamic Art: Mirror of the Invisible World","2011-06-01",0.6
"Witchcraft: The Magick Rituals of the Coven","2011-05-17",0.6
"I Ride","2011-05-12",0.844
"Broke*","2011-04-15",0.6
"Burros","2011-06-30",0.6
"Rivers of Men","2011-04-09",0.6
"Dedd Brothers","2011-05-01",0.6
"The Florestine Collection","2011-04-01",0.6
"Sous la main de l'autre","2011-06-24",0.6
"Charlie Bit My Finger","2011-05-09",0.6
"Four Cubic Feet of Space","2011-04-08",0.6
"Changing Gears: A Love Story","2011-05-12",0.6
"Nuvem","2011-05-20",0.6
"The Dinah Girls","2011-06-03",0.6
"Dans voor het leven","2011-05-12",0.6
"AREA 51: I Was There","2011-06-18",0.6
"Una pared para Cecilia","2011-04-01",0.6
"Jungle Beat 2","2011-05-09",0.6
"Utta Danella - Liebe mit Lachfalten","2011-05-27",0.6
"Wish You Were Her","2011-04-28",0.6
"Comment va la douleur?","2011-05-13",0.6
"Incêndio","2011-05-04",0.6
"O Inferno","2011-05-04",0.6
"Та поїду!","2011-04-30",0.6
"Гамбурґ","2011-04-28",0.6
"Без ГМО","2011-04-28",0.6
"Real Ethereal","2011-05-01",0.6
"Berlinoises","2011-05-11",0.6
"Goya: el secreto de la sombra","2011-06-16",0.6
"The Missing Key","2011-06-13",0.6
"Soñando con Tulum","2011-06-05",0.6
"Framtidens melodi","2011-06-10",0.6
"Operation 8: Deep in the Forest","2011-04-17",0.6
"Istanbul Chorus","2011-04-13",0.6
"Zamboanga","2011-04-13",0.6
"Çürük - The Pink Report","2011-04-15",0.6
"Even with My Eyes Open","2011-04-11",0.6
"Care Bears: Flower Power","2011-06-07",0.6
"Entre dos gegants","2011-04-23",0.6
"Taryanche Bait","2011-04-11",0.6
"Bigfoot: The Definitive Guide","2011-05-05",0.6
"Una identidad en absurdo Vol. 1","2011-04-05",0.6
"Aber das Leben geht weiter","2011-05-19",0.6
"Appavi","2011-04-01",0.6
"நர்த்தகி","2011-05-14",0.6
"Kyuuketsu gaaruzu","2011-06-17",1.094
"The Thief","2011-04-18",1.136
"Inventory","2011-05-11",0.6
"Po dlouhé noci den","2011-06-09",0.6
"Karminsky Grad","2011-04-09",0.6
"The Ghost of War","2011-06-01",0.6
"Die Wolke – Tschernobyl und die Folgen","2011-04-26",0.844
"Walang Katapusang Kwarto","2011-06-09",0.6
"Senjakala","2011-04-14",0.6
"After Kony: Staging Hope","2011-05-04",0.6
"Peanut Butter Lips","2011-06-02",0.6
"Tonight Is Not a Good Night for Dying","2011-05-30",0.6
"Utopia Ltd.","2011-05-12",0.6
"Записки экспедитора тайной канцелярии","2011-05-24",1.381
"Freya","2011-06-15",0.6
"Þegar kanínur fljúga","2011-05-28",0.6
"Iceland Food Center","2011-04-24",0.6
"Summer of the Chew Toy Soul","2011-04-01",0.844
"Franco de Vita: En Primera Fila Documental - Francamente","2011-05-31",0.6
"Bicycle Bride","2011-05-20",0.6
"Love Always, Carolyn","2011-04-23",0.6
"Kiss – A Love Story","2011-05-01",0.6
"Sunshine","2011-06-23",0.6
"The Last Days of Edgar Harding","2011-06-01",0.812
"El Invierno de los Raros","2011-06-07",0.6
"Cactus Amnesia","2011-05-13",0.6
"Lake Noir","2011-06-19",0.6
"Skateboard Stories","2011-06-16",0.6
"The Heart of Auschwitz","2011-05-14",0.6
"Claudia de Breij: iClaudia","2011-06-30",0.6
"I Can Be President: A Kid's-Eye View","2011-06-22",0.6
"Van Muiswinkel & Van Vleuten: Mannen, Het Allerbeste!","2011-05-01",0.6
"Copy & Paste","2011-05-01",0.6
"Notes from the Tilt-a-Whirl","2011-06-01",0.6
"Nightmare","2011-06-16",0.6
"The Worm Hunters","2011-05-07",0.6
"Piet Piraat  Wonderwaterwereld","2011-04-26",0.6
"Working Girl","2011-06-16",0.6
"Young Generation – Das Fußballwunder von Dortmund","2011-05-10",0.6
"The Odd Couple","2011-05-04",0.6
"Amnesty! When They Are All Free","2011-05-29",0.6
"Vamos Fazer um Brinde","2011-05-04",0.6
"Ancestral Voices","2011-06-30",0.6
"Lección Debida","2011-06-18",0.6
"Regrets","2011-06-10",0.6
"Contra El Mar","2011-06-25",0.6
"Vertical Expectations","2011-05-24",0.6
"Glücksformeln","2011-04-14",0.6
"Victims","2011-05-31",0.6
"Det är en dag imorgon också","2011-05-26",0.6
"Andy Made a Friend","2011-04-04",0.656
"Las piedras","2011-04-01",0.6
"A Proper Violence","2011-06-03",0.6
"Florent: Queen of the Meat Market","2011-05-20",0.6
"Mysteries of the Jesus Prayer","2011-04-08",0.6
"Off the Grid","2011-05-31",0.6
"Who Really Discovered America?","2011-06-06",0.6
"たからさがし","2011-06-04",0.6
"Intolerance","2011-05-31",0.6
"Nang Tumambad ang Hubad na Katotohanan","2011-05-31",0.682
"The Strangers","2011-06-10",0.6
"Moi et ses ex","2011-06-15",0.6
"Robo-San and Wan-Chan","2011-05-31",0.6
"Pizzangrillo","2011-04-02",0.6
"Between Notes","2011-04-02",0.6
"When They Were Young","2011-06-13",0.6
"18 cigarrillos y medio","2011-04-09",1.344
"Neander-Jin: The Return of the Neanderthal Man","2011-05-11",0.6
"Train of Thought","2011-06-14",0.6
"Tottenham Hotspur 2010/2011 Season Review","2011-06-26",0.6
"Frogtown","2011-06-01",0.6
"When the Drum Is Beating","2011-04-22",0.6
"Once It Started It Could Not End Otherwise","2011-05-01",0.6
"Light of Mine","2011-06-30",0.6
"Kopfkino","2011-05-12",0.6
"Fitz","2011-05-13",0.6
"The Rake","2011-06-29",0.6
"Смех в темноте","2011-06-06",0.6
"Humans vs Zombies: A Documentary","2011-05-01",0.6
"75 habitantes, 20 casas, 300 vacas","2011-05-11",0.6
"Polo Polo Recargado 2","2011-06-11",0.6
"Glastonbury Festival 2011","2011-06-23",0.6
"Robert Mugabe... What Happened?","2011-05-11",0.6
"Lisas Fluch","2011-04-06",0.6
"The Truth That Wasn't There","2011-06-01",0.6
"YERT: Your Environmental Road Trip","2011-04-02",0.6
"O Voo da Papoila","2011-05-06",0.6
"Ainda, O Natal","2011-05-05",0.6
"The shadows stayed behind","2011-04-01",0.6
"My days","2011-05-23",0.6
"Starman: Yuri Gagarin","2011-06-30",0.6
"Le jour où le fils de Raïner s'est noyé","2011-06-18",0.6
"By Bogdanovich","2011-06-08",0.6
"Brahms / Dvorak: Violin Concerto / Symphony No 9","2011-04-26",0.6
"Queens! Destiny of Dance","2011-04-28",0.6
"Cold Star","2011-05-01",1.131
"Derek Jeter 3K","2011-06-28",0.6
"Gestern war heute morgen","2011-04-14",0.6
"The Grand Theft","2011-06-04",0.6
"Returning Fire: Interventions in Video Game Culture","2011-06-06",0.6
"Buck Specials","2011-06-16",0.6
"Jetzt sind wir dran!","2011-04-18",0.6
"Der Pakt mit dem Panda","2011-06-22",0.6
"Touch","2011-05-20",0.6
"Yanni: A Living Legacy","2011-04-26",0.679
"Broken Water","2011-04-14",0.6
"Outside In: The Story of Art in the Streets","2011-05-24",0.6
"Testimony 2 Live","2011-05-23",0.6
"LUNA SEA 20th Anniversary World Tour REBOOT -to the New Moon- 24th December, 2010 at TOKYO DOME","2011-04-12",0.6
"Fuuin Eizou 3 - Hai Tunnel no Noroi","2011-04-06",0.6
"Fuuin Eizou 4 - Inugami no Juhou","2011-06-03",0.6
"A Rubberband Is An Unlikely Instrument","2011-05-02",0.6
"Radiohead - Arms & Legs ~ the story so far","2011-05-15",0.6
"Censuren - En thriller","2011-04-28",0.6
"Дорогой мой человек","2011-04-04",0.6
"Shalom Hanoch - 4 Stations","2011-06-01",0.6
"CantaJuego 7","2011-06-05",0.6
"アトムの足音が聞こえる","2011-05-21",0.6
"Brasch - Das Wünschen und das Fürchten","2011-06-06",0.6
"Hackers, les nouveaux maitres du monde","2011-06-09",0.6
"El vuelo del tren","2011-04-29",0.6
"Gregorian: The Dark Side of the Chant Live in Zagreb","2011-04-14",0.6
"1810 - Für eine Hand voll Kaspressknödel","2011-05-06",0.6
"Mando Diao: Rock Am Ring","2011-06-10",0.6
"Re:Generation","2011-05-15",0.844
"Girder","2011-06-01",0.6
"Turning Back","2011-05-03",0.6
"At the Formal","2011-06-06",0.6
"Exodus Fall","2011-04-01",0.637
"Goldfisch Lounge","2011-05-16",0.6
"Teatriños: Homenaxe ao mineral do repolo","2011-06-01",0.6
"Jorn: Live in Black","2011-04-30",0.6
"Jackie Evancho: Dream With Me in Concert","2011-06-04",0.6
"Alchemy And Other Imperfections","2011-04-09",0.844
"Life in Movement","2011-04-12",0.6
"Adele: MTV Unplugged","2011-06-10",0.6
"The Perfect Fit","2011-06-09",0.6
"The Education of Dee Dee Ricks","2011-05-01",0.6
"A Warm Ray of Light","2011-06-01",0.6
"André Rieu - Fiesta Mexicana!","2011-05-03",0.6
"Too Perfect","2011-04-29",0.6
"Beautifully Esther","2011-04-01",0.6
"Koffi Bar","2011-04-29",0.6
"Сердца бумеранг","2011-06-29",1.38
"Jacques Leonard, el payo Chac","2011-05-27",0.844
"Raw Faith","2011-06-21",0.6
"Mammas comeback","2011-05-06",0.6
"Paradise Lost: Draconian Times MMXI","2011-05-12",0.6
"Bestezuelas","2011-05-20",0.6
"트루맛쇼","2011-06-02",0.6
"Brutal box","2011-05-27",0.6
"Tributes: Pulse","2011-06-01",0.6
"The Chemical Brothers - Glastonbury 2011","2011-06-24",0.6
"Tin Pressed","2011-06-05",0.6
"I.M. Caravaggio","2011-04-19",0.6
"Vatertag","2011-06-06",1.4
"Bobo - Bobo is jarig","2011-06-01",1.094
"สมอลล์รูกูแนว","2011-06-09",0.6
"The Ambassadors of Hollywood","2011-05-05",0.6
"Morgen das Leben","2011-06-02",0.6
"これでいいのだ!!","2011-04-30",0.806
"Mix Tape","2011-06-01",0.6
"Wadans Welt","2011-05-19",0.6
"Lipali - Akustyk Live","2011-06-06",0.6
"Phillip the Fossil","2011-04-15",0.6
"굿바이 보이","2011-06-02",0.844
"The Halls of Montezuma","2011-04-01",0.6
"Transworld - Not Another Transworld Video","2011-06-21",0.6
"Busong","2011-05-16",0.6
"Chang'E","2011-05-18",0.6
"Ancient Astronauts: The Gods from Planet X","2011-05-17",0.6
"Fuego sobre el Mármara","2011-05-31",0.6
"Lluny de Saint Nazaire","2011-05-04",0.6
"Left by the Ship","2011-05-01",0.6
"The Wrong Ferarri","2011-04-04",0.679
"Superior Challenge 7","2011-04-30",0.6
"Yes: Fly From Here","2011-06-22",0.6
"Strings","2011-06-10",0.628
"The Wonder of Weeds","2011-06-22",0.6
"The Frog Princes","2011-06-17",0.6
"Boy Cheerleaders","2011-04-29",0.6
"Sawdust City","2011-06-18",0.6
"Adventures in Plymptoons!","2011-05-30",0.6
"MIRJA BOES Erwachsen werde ich nächste Woche","2011-04-11",0.6
"Beijing Taxi","2011-06-25",0.892
"Nine Types of Light","2011-04-09",0.6
"Archive: Live in Athens","2011-04-07",0.6
"the GazettE: The Nameless Liberty At 10.12.26 Tokyo Dome","2011-04-06",0.6
"Nagaram Nidra Potunna Vela","2011-06-24",0.6
"Phrasenmäher Ansehdings","2011-04-01",0.6
"The Future Is Now!","2011-06-24",0.6
"Лето волков","2011-05-09",0.6
"Mumford & Sons: Live at Glastonbury 2011","2011-06-24",0.6
"Ilse DeLange: Live in Gelredome","2011-06-01",0.6
"Less","2011-06-05",0.6
"The Nocturnal Third","2011-06-06",0.6
"Alien Invasion","2011-05-25",0.6
"The Sea Is All I Know","2011-06-24",0.6
"Pascal vs. Hopkins II","2011-05-21",0.6
"Bad Boy Kummer","2011-05-05",0.6
"Glennis Grace: One Night Only","2011-06-20",0.6
"Yes. It's a Movie","2011-05-16",0.6
"Tum, My Pledge of Love","2011-04-06",0.6
"Love Express","2011-06-10",0.6
"Supercool vir Jesus","2011-04-11",0.6
"Maaro","2011-06-04",0.6
"Kochi","2011-05-01",0.6
"Kaledeki Yalnızlık","2011-06-03",0.6
"దుశ్శాసన","2011-05-27",0.6
"Donor Unknown","2011-06-03",0.6
"Exodos","2011-04-28",0.6
"Mami blue","2011-06-10",0.6
"25 août 1944, Maillé: un crime sans assassins","2011-06-23",0.6
"1991 – Neizstreljeni naboj","2011-06-15",0.6
"Sfinga","2011-04-13",0.6
"Udhaya Neram","2011-06-24",0.6
"Wolfmother: Rock Am Ring","2011-06-03",0.6
"Bunny Play Date","2011-06-14",0.6
"Vykuntapali","2011-05-27",0.6
"美麗旅程","2011-05-01",0.6
"你現在在哪","2011-05-22",1.4
"Def Leppard: Mirrorball (Live & More)","2011-06-07",0.6
"Inversão","2011-04-20",0.6
"Maidana vs. Morales","2011-04-09",0.6
"Toque de Queda","2011-04-15",0.6
"exesses01","2011-06-10",0.6
"Team Umizoomi","2011-06-28",0.6
"Sprookjesboom 4 - Speciale Assepoester Editie","2011-06-20",0.6
"Momok Jangan Panggil Aku","2011-05-05",0.6
"En mor till salu","2011-04-20",0.84
"Hell of the North","2011-06-01",0.6
"5 (Cinque)","2011-06-24",0.631
"Death of Bin Laden","2011-05-01",0.6
"Kibol","2011-06-29",0.6
"Sultanın Sırrı","2011-04-10",0.6
"Sex Crimes Unit","2011-06-20",0.6
"Eure Mütter - Ohne Scheiß, Schoko-Eis","2011-05-06",0.6
"Festival do Panda","2011-04-01",0.6
"Pak! Pak! My Dr. Kwak!","2011-04-23",0.6
"Dobus - De papegaai","2011-04-01",0.6
"Dobus - Vlindertjes vangen","2011-05-19",0.6
"அழகர்சாமியின் குதிரை","2011-05-12",0.6
"The Inconvenient Truth Behind Waiting for Superman","2011-05-01",0.6
"Faux Coupable","2011-05-07",0.6
"Plop en Prins Carnaval","2011-05-09",0.6
"Pacquiao vs. Mosley","2011-05-07",0.6
"Elma ja Liisa","2011-04-08",0.6
"L’affare Bonnard","2011-04-01",0.6
"The Truth About Angels","2011-06-17",0.6
"Red River","2011-05-05",0.6
"Den Komplette fuglehund","2011-04-30",0.6
"드라마 스페셜 - 화평 공주 체중 감량사","2011-06-26",0.6
"Atlas","2011-05-11",0.752
"همین یک ساعت پیش","2011-06-15",0.6
"a-ha: Live Arte HD","2011-04-05",0.6